Store,Week 1_Transactions,Week 1_Sales,Week 2_Transactions,Week 2_Sales,Week 3_Transactions,Week 3_Sales,Week 4_Transactions,Week 4_Sales,Week 5_Transactions,Week 5_Sales,Week 6_Transactions,Week 6_Sales,Week 7_Transactions,Week 7_Sales,Week 8_Transactions,Week 8_Sales,Week 9_Transactions,Week 9_Sales,Week 10_Transactions,Week 10_Sales,Week 11_Transactions,Week 11_Sales,Week 12_Transactions,Week 12_Sales,Week 13_Transactions,Week 13_Sales,Week 14_Transactions,Week 14_Sales,Week 15_Transactions,Week 15_Sales,Week 16_Transactions,Week 16_Sales,Week 17_Transactions,Week 17_Sales,Week 18_Transactions,Week 18_Sales,Week 19_Transactions,Week 19_Sales,Week 20_Transactions,Week 20_Sales,Week 21_Transactions,Week 21_Sales,Week 22_Transactions,Week 22_Sales,Week 23_Transactions,Week 23_Sales,Week 24_Transactions,Week 24_Sales,Week 25_Transactions,Week 25_Sales,Week 26_Transactions,Week 26_Sales,Week 27_Transactions,Week 27_Sales,Week 28_Transactions,Week 28_Sales,Week 29_Transactions,Week 29_Sales,Week 30_Transactions,Week 30_Sales,Week 31_Transactions,Week 31_Sales,Week 32_Transactions,Week 32_Sales,Week 33_Transactions,Week 33_Sales,Week 34_Transactions,Week 34_Sales,Week 35_Transactions,Week 35_Sales,Week 36_Transactions,Week 36_Sales,Week 37_Transactions,Week 37_Sales,Week 38_Transactions,Week 38_Sales,Week 39_Transactions,Week 39_Sales,Week 40_Transactions,Week 40_Sales,Week 41_Transactions,Week 41_Sales,Week 42_Transactions,Week 42_Sales,Week 43_Transactions,Week 43_Sales,Week 44_Transactions,Week 44_Sales,Week 45_Transactions,Week 45_Sales,Week 46_Transactions,Week 46_Sales,Week 47_Transactions,Week 47_Sales,Week 48_Transactions,Week 48_Sales,Week 49_Transactions,Week 49_Sales,Week 50_Transactions,Week 50_Sales,Week 51_Transactions,Week 51_Sales,Week 52_Transactions,Week 52_Sales,Week 53_Transactions,Week 53_Sales
A,4675,100865.85,4634,105132.85,4899,109273.49,4397,103234.88,4643,104164.85,5057,111246.58,5863,109309.42,4638,108428.59,5816,134977.49,5498,102909.7,5095,115808.53,5225,107688.36,5128,110251.29,5201,114210.1,5445,118987,5064,111672.26,5263,123795.7,4929,125189.92,5201,116845.53,4961,116236.91,5201,118465.74,5384,130405.1,5200,116391.11,5274,117456.86,8380,125536.21,8278,131288.22,8200,130410.24,8652,133827.75,9035,146273.68,8508,135524.83,8537,131558.21,8756,125806.2,8172,118899.13,7955,111689.58,8027,110980.1,7968,109814.88,8076,113425.23,7815,110969.95,7699,124048.22,7668,105685.86,7732,109916.38,7636,107985.85,7721,111385.08,7765,112103.7,7540,120608.39,7610,122925.64,8659,171141.18,6233,92302.07,6984,99302.52,6997,101056.44,7138,102660.14,7082,103866.98,328,0
AA,7884,101807.35,7909,104990.62,8411,112206.13,7625,103283.44,8127,111202.46,8361,111356.34,8287,108185.48,8270,112207.09,8680,123813.35,6866,93187.82,7843,105818.69,8061,106338.29,8301,107812.83,8377,110573.71,8244,112056.81,8160,113137.37,8264,118027.31,7550,110899.17,8243,111465.98,8184,112205.63,8031,109988.93,8629,123938.63,8206,117550.6,8141,115571.85,8285,114298.14,7815,112729.96,7694,112031.64,7815,106951.56,7851,108657.78,7761,105871.6,7605,105165.16,8220,103766.5,9329,122482.08,9111,116321.03,9427,120959.58,9138,115763.79,9289,119964.88,9165,118367.27,8308,116849.84,8096,108723.75,8055,104611.99,8035,108124.9,7938,104851.53,7910,108857.73,7978,114227.08,8126,126145.21,9582,169267.49,6247,83688.78,6960,90893.25,7794,98139.34,7724,100303.31,7747,105786.34,477,0
AB,13052,190128.95,14285,193278.01,14378,202583.87,13681,188522.67,14316,197613.61,14352,203225.27,14591,193195.96,14623,202218.95,15506,229613.69,12395,171632.09,14883,196945.76,14738,196551.93,14772,199506.62,14869,203257.2,14668,203786.13,14449,198396.1,14449,202434.34,14319,199227.93,14815,199150.9,14035,204247.74,14908,204974.44,15948,229913.79,14876,209211.54,14699,208543.25,14680,203409.04,14317,201726.18,14011,203036.54,14690,197087.62,14733,197064.28,14562,192850,14042,189632.45,14602,194003.04,14396,191408.7,14538,185694.25,14239,184325.02,14821,186665.6,15354,187824.74,13456,188696.62,14071,208929.63,13919,194466.9,14226,192396.3,14252,194398.89,13893,197432.72,14415,202209.31,14602,211924.9,15041,221781.56,16464,283329.13,11239,161305.83,13476,176929.72,13856,190746.92,13425,188140.4,14267,191257.46,230,0
AC,7921,48652.77,7681,49573.53,7914,52015.59,7417,46368.72,7503,47406.28,7823,49402.19,7740,48547.72,7783,48386.26,7861,51161.57,7586,49476.72,7841,48664.65,7672,47195.03,7775,47865.28,8117,50528.84,7822,50847.2,8171,48544.53,7852,49401.22,7834,49176,7857,48393.38,7940,50857.79,8050,50361.62,8167,52919.66,7895,48678,7635,47848.76,8298,49809.09,8308,51265.62,7683,49897.4,7734,46885.9,7904,48075.48,7566,47563.91,7466,47221.86,7935,46382.45,7931,47033.07,7398,46050.55,7812,47054.38,7778,46798.6,7764,47197.5,7409,45176.63,7589,49801.99,7788,45850.59,7775,49259.98,7634,47783.16,7722,47821.72,7888,48500.76,7633,47763.87,7802,48312.98,7644,51061.6,5538,36302.49,6654,45150.24,7203,46790.48,7409,46216,7591,48449,456,0
AD,5606,35218.33,5616,36634.6,5680,37836.97,4989,33589.19,5531,36046.7,5666,37496.05,5576,35393.02,5684,35658.67,5589,37604.38,5215,34594.43,5353,34944.35,5770,35281.36,5720,35968.87,5863,37499.77,5900,39046.97,5842,37532.6,5631,35038.4,5020,33976.18,5688,35881.82,5635,36080.01,5865,37413,5935,40754.83,5715,35989.64,5723,36015.07,5685,34800.29,5207,32475.94,5202,34178.09,5432,34648.04,5292,33358.99,4967,32850.48,4950,32480,5359,33641.16,5536,34224.78,5403,33013.89,5594,34277.56,5477,34194.34,5461,33937.54,5404,32485.07,5071,34495.79,5456,33738.6,5483,34149.67,5319,34253.2,5393,34018.74,5363,35649.84,5286,35238.77,5535,33927.39,5620,39219.6,4027,23871.78,4761,30656.04,5118,34615.56,5305,33995.39,5397,33710.18,827,0
AE,4147,27799.46,4357,28594.89,4438,29572.13,4118,27237.31,4259,27963.02,4363,29626.63,4266,28655.62,4277,28173.16,4632,31100.04,4269,29030.59,4290,28408.54,4237,27212.23,4405,29168.42,4439,29399.03,4591,31013.64,4355,28927.89,4426,29249.38,4350,29652.12,4501,30028.98,4028,28752.4,4327,29346.9,4474,30734.75,4183,28721.01,4267,28874.48,4545,29557.82,4473,30438.83,4194,27866.82,4318,27673.98,4205,26447.85,4439,27955.13,4195,28047.5,4395,27489.24,4192,27328.87,4088,25385.15,4273,26180.91,4367,27360.34,4396,26166.7,3995,26309.82,4385,28641.27,4165,29045.24,4374,29462.4,4196,29312.18,4251,27510.56,4371,29246.21,4501,31080.32,4401,31169.64,4531,36784.62,3424,22229.52,4045,25665.29,4034,26670.14,4209,27581.61,4141,29144.71,0,0
AF,5035,32722.81,4983,32842.12,5138,34172.18,4873,32606.72,5239,33196.11,5075,33666.07,5182,33290.86,5211,32110.08,5449,36523.37,5131,34192.66,5254,34487.73,5224,32639.86,5345,33748.15,5435,33718.69,5743,36151.09,5318,35660.43,5459,34523.85,5511,34485.86,5406,35548.01,5191,33816.32,5448,36166.47,5352,37859.68,5272,34171.8,5345,34826.11,5340,33662.48,5243,34552.63,4809,34259.3,5088,32725.63,5051,32370.38,4637,32770.29,4743,32675.89,4980,32349.06,4793,31991.78,4534,30852.96,4739,31418.31,4894,31865.92,4793,32197.83,4551,30501.76,4533,33689.88,4429,32809.88,4520,32798.71,4504,33079.86,4498,32496.24,4515,33606.65,4472,31617.25,4451,33010.84,4591,39271.36,3479,23472.89,4050,28940.69,4101,31901.45,4273,30980.84,4572,31182.83,0,0
AG,5187,31012.5,5022,30148.43,5249,30634.23,4448,26551.28,5175,30404.92,5302,30619.23,4887,30160.15,5083,30209.16,5028,30949.95,4486,27658.82,4393,27841.78,4842,29287.87,5018,29792.11,5106,30797.84,5136,30324.33,5183,30975.27,5059,31459.28,4260,27972.31,5236,30341.49,5079,29923.36,6729,41357.79,6741,43036.75,5232,32320.07,5211,31033.74,5454,30096.78,4808,27440.52,4517,26309.82,4727,27279.14,4921,27995.73,4694,26867.05,4637,26309.82,5225,28807.73,5050,27923.66,4937,26572.7,5253,29473.57,5294,29180.23,5142,28133.77,5233,29654.24,4251,26900.54,5022,30692.58,4893,31903.48,5110,30459.14,5151,30628.64,5002,31580.71,4993,31291.44,5172,31156.44,4846,34210.57,3154,20677.58,4208,26712.77,4772,29408.61,4981,28286.02,4984,30109.98,0,0
AH,5628,40206.43,5495,40665.42,5678,41832.76,5304,39126.65,5647,41293.69,5811,43075.66,5680,41110.64,5562,39876.66,5621,43537.45,5581,41983.98,5750,41550.74,5627,40398.33,5649,38951.27,5605,40898.29,5905,44335.95,5472,40581.61,5596,41305.8,5333,40830.14,5627,41420.06,5443,40412.6,5744,41204.85,5719,43678.37,5629,41069.78,5505,40726.24,5597,38900.89,5519,39378.95,5159,38678.6,5364,37483.95,5401,37270.8,5236,37147.98,5193,36469.96,5404,37405.8,5428,37678.83,5202,36199.98,5243,36918.59,5297,38002.62,5406,37430.16,5187,37117.53,5104,39910.81,5410,38979.04,5324,39357.64,5389,39051.11,5223,38129.49,5196,39605.3,5304,39198.28,5355,39432.75,5486,45155.32,4137,29527.36,4876,35487.44,4946,37119.56,5104,36606.99,5150,37372.3,1033,0
AI,6058,36041.45,5696,35250.48,5778,35719.13,4994,31214.67,5764,35276.97,5933,35689.62,5672,34418.39,6034,34665.22,5846,37551.64,5482,35083.4,5293,33011.79,5604,34695.25,5961,34995.31,6096,36164.21,6160,37356.43,6095,36628.82,5906,35809.85,5086,33133.7,6086,37201.74,5722,34465.59,6095,36508.19,5904,38759,5940,35769.63,5658,35023.24,5969,35275.31,5634,33186.44,5419,33594.47,4952,29377.14,5688,34113.13,5445,32805.81,5307,33594.47,5906,33659.43,6103,35569.66,5850,33671.61,5540,32609.92,5854,32490.15,6002,34730.25,5721,31674.09,5168,33816.75,5734,34952.54,5693,33618.83,5823,34063.4,5771,33748.75,5829,34901.79,5646,33507.18,5722,33910.13,5680,35977.69,4027,22436.57,4843,30124.18,5436,31873.03,5506,32754.05,5637,34891.64,830,0
AJ,5565,40934.29,5512,40870.55,5559,41612.37,5367,41183.93,5528,43545.18,5693,44796.25,5757,42233.25,5643,43031.82,6023,47582.23,5734,44285.53,5617,43156.01,5757,42541.79,5918,43063.06,5844,44008.49,5871,45505.13,5850,43730.39,5367,42616.24,5390,42553.58,5869,43403.17,5799,41964.02,5936,43573.25,5832,46195.17,5914,44023.12,5857,43906.08,5741,39719.99,5555,41094.3,5163,38852.17,5768,41030.36,5461,40159.49,5463,39734.2,5320,39370.84,5661,39664.17,5165,36288.28,5225,36759.24,5587,40241.7,5467,39214.52,5601,39594.13,5462,39316.02,5356,42116.41,5550,41865.7,5434,42307.23,5366,42286.93,5658,41680.98,5503,41805.82,5566,44652.9,5872,46264.72,6326,57759.59,4801,31091.48,5004,36253.77,5235,39034.87,5286,40325.95,5337,40364.52,0,0
AK,4779,54401.82,4980,52670.76,5425,57935.2,4418,49605.01,5135,54939.06,5162,57373.28,5198,55731.1,5347,55818.61,5552,64652.14,4120,47082.47,5082,56625.28,5160,55684.34,5371,58471.26,5642,61117.05,5637,63654.85,5489,57695.9,5585,61989.12,4992,56814.75,5674,61268.6,5529,60666.85,5612,62665.44,6034,68718.06,5331,60733.39,5429,58733.49,5348,55120.59,4910,56460.39,4969,56844.06,5021,55806.73,5287,57738.27,5257,58235.62,4952,55683.91,5770,57404.34,5475,56667.45,5289,51297.08,5400,54478.09,5586,54969.36,5540,54937.89,5083,54230.44,4891,57742.33,5077,52019.76,5050,54540.01,5168,54942.96,5249,56412.68,5340,54688.2,5165,57567.76,5443,59110.55,5481,68762.19,3788,42019.98,4342,46331.7,4878,49466.02,4821,51632.04,5113,53657.97,0,0
AL,8841,77955.48,8742,80015.92,9072,83132.01,8435,75099.32,8885,79068.79,9081,81989.73,8739,77491.58,9093,80144.09,9373,88595.5,7930,67823.09,8852,78806.86,8743,77132.55,8812,78285.97,9001,79896.92,8974,81357.29,8996,79335.32,8826,80359.62,8213,75597.64,8948,79900.02,8935,79682.27,9047,82225.35,9195,83732.28,8832,76254.45,8907,77550.1,9234,83560.89,8956,82559.08,8672,83148.8,8791,81562.36,8918,79765.8,8727,80033.76,8447,78634.08,9217,75339.39,8694,77793.66,8439,75045.04,8675,76517.8,8646,76760.39,8631,77169.44,8235,75437.84,8446,82447.44,8503,83974,8737,83698.93,8503,85513.75,8785,81987.64,9231,86205.98,8928,89758.48,9398,92018.88,10611,117901.38,7105,68058.8,7770,74447.2,8537,78072.78,8637,79920.08,8561,80121.05,0,0
AM,5398,40935.89,5283,41177.2,5454,42721.8,4960,38871.11,5205,41364.8,5417,43300.06,5276,40789.11,5139,39879.86,5392,45697.72,5547,45896.7,5479,42056.71,5643,41965.5,5569,42942.55,5565,43548.91,5948,45962.89,5623,44668.68,5724,45565.55,5534,44464.06,5683,43010.55,5655,43409.65,5897,46603.21,6051,48001.95,5703,44570.66,5672,45027.74,5826,41640.37,5703,42316.36,5170,39516.99,5785,41758.12,5825,42894.91,5309,40075.24,5381,40363.5,5778,40826.34,5643,42195.58,5398,39970.7,5481,39690.56,5461,39887.47,5605,40309.71,5211,38030.02,5282,41991.56,5362,40176.74,5250,40845.63,5220,40063.06,5300,40024.49,5347,40508.65,5338,42085.96,5442,41793.64,5505,48314,4302,30042.98,4676,34544.51,4995,38542.59,5281,38014.8,5107,40687.29,885,0
AN,4587,36321.31,4821,37204.17,5043,38569.38,4784,37064.29,5026,35738.7,5019,38227.23,5030,38933.02,5012,37393.97,5315,41601.23,5078,39486.19,5318,39483.58,5251,38664.9,5149,39333.61,5379,39514.28,5692,43176.61,5320,40645.52,5405,41352.6,5158,40513.65,5255,39956.58,5214,40229.4,5385,42143.61,5560,45330.1,4931,39965.96,5265,41567.19,5560,40105.7,5202,39497.71,5026,38358.88,5272,38921.19,5364,39076.48,5040,39152.61,4804,37879.8,5187,38535.49,4938,37045.47,4836,35140.31,5006,36671.95,4897,36042.65,4991,37140.88,4997,36780.55,4782,37705.22,4883,38002.62,4788,36822.17,4942,36784.62,4750,37766.12,4821,35808.18,4824,36667.89,4946,37239.34,4991,41035.44,3646,25471.42,4036,30100.84,4391,33714.24,4452,36003.06,4536,35961.45,0,0
AO,0,0,0,0,0,0,0,0,71,0,0,0,0,0,0,0,0,0,0,0,0,0,0,0,0,0,0,0,0,0,0,0,0,0,0,0,0,0,0,0,0,0,0,0,0,0,0,0,6075,32299.33,5897,32759.12,5656,32797.7,5379,29073.66,5612,30897.62,5364,30756.53,5501,33138.73,5430,30044,5331,30390.12,5308,30253.09,5315,30244.97,5655,32061.82,5547,30728.11,5264,30125.2,5419,32836.26,5412,32477.97,5306,35342.3,5379,35422.48,5522,35546.31,5706,35479.32,5671,35209.34,5595,36933.82,6640,49695.41,4634,28322.56,5135,31962.35,5047,32423.16,5082,33902.02,4481,34266.4,0,0
AP,6478,35538.26,7066,34840.49,6992,35572.24,6731,34420.99,7156,33772.96,7185,35199.36,6934,34192.28,7056,35331.53,7225,36738.11,6763,34752.75,7361,35832.12,6994,33371.09,7330,35304.91,7392,36751.64,7215,37444.93,7156,36496.83,7186,35569.13,7170,36995.42,7411,36774.86,6480,36849.4,7485,38144.41,7755,40091.68,7181,37423.8,8451,46524.22,6880,30795.1,6781,32042.53,6946,33182.38,7073,32977.35,7266,33395.53,7091,31291.44,6737,31070.16,7422,31750.21,7278,30734.2,7042,31083.36,7199,31751.23,7200,31206.17,7291,31348.28,6106,29958.74,6660,30824.53,6334,32954,6493,34600.34,6771,34821.6,6937,33868.52,7170,35191.06,7246,34534.36,6961,35684.35,7226,40031.6,5509,24125.53,6403,29635.97,6737,31451.8,6673,31515.75,6772,33930.44,0,0
AQ,6773,61542.17,7288,60311.22,7510,65562.25,6821,59706.05,7211,61153.94,7382,62864.77,7307,60313.59,7384,62278.55,7620,69557.48,6372,54904.89,7638,62123.61,7403,60717.78,7611,65052.76,7835,65273.84,7701,64413.41,7849,65682.36,7729,66127.63,7368,61675.39,7828,65276.64,7166,63490.6,7800,63768.4,8151,68747.22,7549,65360.85,7533,65541.32,7742,63857.71,7388,64473.81,7304,63240.59,7587,63890.19,7706,64748.88,7683,62473.25,7286,59438.4,7924,62684.37,7722,61246.11,7507,59740.87,7799,61423.74,8064,62211.38,8129,61893.68,7129,60733.54,7319,64804.7,7303,61626.74,7245,59877.9,7382,59066.91,7548,57776.84,7535,59705.34,7111,63970.37,7444,62999.02,8040,79970.83,5488,45393.84,6350,52326.3,6872,54842.48,6707,56390.36,7150,57659.1,0,0
AR,5204,29749.2,5132,29995.39,5237,30501.89,4741,28401.11,4908,30179.13,5368,31890.59,5151,30088.81,5178,30298.74,5332,34537.23,4543,25380.56,5243,30852.26,5057,29251.34,4826,29065.54,5369,30203.28,5546,30801,5016,28704.27,5182,29461.43,4953,29685.94,5363,30761.01,5053,29119.47,5443,31414.77,5503,35043.18,5556,29847.22,6352,38880.77,5936,32817.99,5573,32877.88,5106,31554.32,5351,31655.82,5426,30486.54,4985,29150.8,4901,29586.23,4957,27663.82,5099,29836.94,5034,28275.87,5096,29383.23,5170,28976.22,5291,29631.91,5011,28389.55,4855,29829.83,4963,31795.89,4857,34092.84,4691,34251.17,4901,33423.95,4994,33000.7,4835,32817.99,4934,34065.43,5203,40267.08,3886,24496.01,4272,28763.07,4627,31202.12,4768,30580.94,4804,32713.45,0,0
AS,6364,47146.58,6658,47103.41,6911,49423.84,6417,46524.12,6704,47495.43,6988,48027.51,6800,48084.16,6820,47738.21,6658,50030.02,6459,47444.97,6850,48385.75,6901,47919.88,6768,47171.8,7149,50743.46,7105,50070.25,7060,49493.96,6978,49943.2,6811,48981.29,7347,50574.47,6537,49048.59,7280,51524.51,7707,56055.69,7121,51678.11,7043,50177.78,7147,46874.73,6602,44717.86,6730,46379.41,6686,44987.84,7001,46227.16,6864,44575.76,6561,43427.79,7149,45022.36,7014,43624.7,6681,42458.46,7026,44087.54,7223,44449.9,7231,43981.98,6627,45826.23,6675,48412.45,6372,47211.71,6922,46803.68,6855,43732.29,6825,44133.22,6835,45423.28,6842,45554.22,6957,46643.31,6888,53941.16,5082,32783.48,6000,40709.62,6421,43302.94,6449,42706.12,6606,45750.11,0,0
AT,6403,73948.85,6583,73763.94,6921,77508.38,6197,73312.81,6734,77551.5,7109,83748.97,6887,77364.47,7003,78968.79,7445,91783.74,6122,67660.03,7019,78961.95,7038,79409.17,6873,77528.28,7270,82318.73,7401,84484.76,7113,79134.37,7364,86715.23,6888,83450.22,7784,85855.38,7156,83592.86,7495,83706.26,7821,90892.35,7053,83165.32,7389,83119.93,7063,77318.64,6885,79644,6592,77656.63,6742,77641.41,6889,78829.97,6660,74892.79,6491,72756.22,7074,74939.48,7035,75530.21,6856,74326.42,7194,75825.58,7047,74775.05,7136,74163,6306,71316.94,6495,77157.25,6751,74917.15,6657,71317.96,6619,72138.08,6678,70316.16,6760,74027,6711,79419.69,7070,81394.88,7527,97127.38,5165,56640.04,6016,64488.02,6435,70340.52,6290,69484.87,6508,72082.25,0,0
AU,7220,56200.66,7053,53729.11,7554,60688.77,6907,54505.28,7369,56562.25,7620,59264.9,7534,57872.17,7389,56958.59,7381,60614.87,7433,61259.79,7928,59691.71,7789,58886.84,7641,57715.02,8008,59699.96,8209,64004.36,7837,58811.23,7506,59051.72,7461,59956.68,7934,60230.85,7629,58950.96,8100,62879,8172,65481.61,7818,60529.92,8027,60608.26,8121,59499.3,7803,58702.52,7699,59743.91,7822,58799.96,8069,58369.6,7783,57764.66,7426,57628.65,8104,56841.01,7770,55678.84,7558,53518.92,7693,55761.05,7689,54857.7,7525,54145.18,7056,51084.95,7411,57549.48,6655,57244.98,7174,55276.9,6962,56500.99,7110,55714.36,6866,54505.5,6491,57863.12,6278,55062.73,7136,58530.99,4882,36892.2,5672,46513.39,6689,51687.86,6797,54125.89,7180,56678.62,0,0
AV,6501,43232.51,6739,42912.75,7062,44983.59,5951,42016.96,6713,43648.27,7056,45894.54,7102,45137.07,6944,43990.4,6986,46113.94,6255,45315.19,6409,42603.64,7024,43997.3,7177,43800.27,6637,44581.92,7094,46070.79,7040,44318.77,7084,44898.34,6052,42360.61,7108,44726.5,6634,43190.71,7066,46264.24,7412,48999.11,6606,43327.97,6757,43857.61,6864,43469.4,6210,42094.08,6047,41853.52,6249,41634.28,6439,41962.13,6309,41793.64,6059,40978.59,7094,41836.27,7277,42540.68,7008,41468.84,7320,43156.78,7272,42574.18,7484,42397.56,6548,39485.53,6094,43300.91,6815,41371.4,6817,42194.56,6586,41618.04,6715,40840.55,6586,43210.58,6583,41918.48,6701,44604.18,6624,52467.38,4987,31105.69,5868,36426.32,6594,41503.35,6512,40307.68,6492,42376.25,0,0
AW,4179,30418.6,4153,31170.21,4263,33389.4,3749,29162.8,4195,31158.1,4210,31181.97,4251,31706.65,4140,30392.95,4316,34777.6,4069,30418.42,4016,30535.19,4249,30631.23,4356,31482.15,4331,31375.89,4431,33226.48,4360,31567.96,4264,31030.75,3934,29362.2,4392,31302.72,4309,30899.39,4342,32926.45,4508,34146.91,4134,30777.68,4447,32828.01,4896,33754.84,4518,30762.62,3992,29287.82,4116,29241.14,4260,30074.45,4257,30168.84,3971,28257.6,4310,29960.77,4390,30133.32,4369,31485.3,4206,30682.44,4123,28461.62,4255,29007.68,4013,27998.78,3861,29846.07,4074,30866.15,4096,30930.09,4108,30245.98,4039,30080.54,4004,30375.9,4038,30712.88,4121,32373.42,4148,35131.18,2954,22605.06,3569,27320.75,3948,28309.36,4004,27595.82,4090,29339.59,0,0
AX,6393,50377.14,6417,49440.23,6513,52112.36,6063,48842.2,6450,51292.02,6522,51737.08,6585,52141.73,6468,50032.68,6685,56781.12,6218,50911.27,6402,51362.7,6515,51428.4,6633,52831,6997,56449.95,7033,56148.55,6760,54537.06,6745,55041.03,6579,53311.69,6649,51312.53,6616,52808.16,7013,54663.76,7468,59843.55,6826,54757.88,6783,53965.64,7381,53776.73,6785,50287.16,6679,52177.09,6912,49774.58,7009,51851.27,6643,48812.36,6322,48145.51,6961,49585.8,6760,50490.16,6601,49000.14,6748,49093.52,6487,48508.88,6624,48630.68,6290,47891.76,6241,50485.08,6544,52803.34,6433,53412.34,6226,51178.33,6430,52412.57,6495,54995.74,6506,53090.59,6583,53739.18,7018,63507.54,4976,38081.78,5696,44805.14,6091,48496.7,6244,50656.62,6322,50313.55,0,0
AY,5645,34102.74,5723,35124.22,5823,35910.18,5165,32855.28,5757,35146.89,5851,34581.7,5726,34282.92,5769,35364.55,5680,36466.53,5485,34990.86,5524,33164.1,6036,35584.5,5948,34806.75,6188,37978.85,6108,37891.9,5760,35713.25,5991,37137.62,5328,35058.32,6097,37571.04,5875,35867.85,6140,38863.05,6265,40447.11,6116,36229.36,5845,35018.7,6180,36403.99,5746,33670.59,5496,33696.98,5541,32614.99,5606,32901.22,5411,32043.55,5346,33305.2,6050,34711.98,5893,34551.62,5734,33479.77,5864,33908.1,5721,32690.1,5674,32549.02,5677,33078.85,5206,33505.15,5770,32914.42,5618,34154.75,5616,33606.65,5532,33286.92,5719,34401.39,5678,34255.23,5664,33373.2,5801,37771.2,4111,23157.22,4953,29857.24,5424,32850.48,5433,31703.52,5530,33459.48,0,0
AZ,3762,25665.54,3789,25755.64,3828,25562.04,3801,26322.45,3827,26335.18,3860,27478.24,3758,25647.65,3866,26316.12,3914,28442.92,4019,29364.16,3892,26648.67,3889,27228.51,3860,26369.89,3943,27119.4,4193,28961.23,3822,26446.86,4097,28613.89,3775,26781.34,3999,27949.42,4038,27386.49,4046,28089.61,4102,29456.48,3981,27858.82,4050,27635.15,4257,26749.31,4385,26285.46,4029,25539.43,4274,25824.64,4217,24094.07,4305,25186.21,4234,25821.6,4167,24441.2,3881,24106.25,3947,24223.99,3918,23994.6,3883,24596.5,3955,23853.52,3748,23246.54,3608,24020.99,3718,25284.66,3639,25745.48,3700,24180.34,3684,24728.44,3649,25667.32,3712,24574.16,3703,24904.04,3819,26284.44,2757,17270.22,3366,21549.46,3526,23388.64,3541,23076.02,3764,23961.1,365,0
B,7982,65845,7891,65887.96,8242,69206.77,7435,63070.4,7796,64696.27,7946,66855.99,8070,65841.8,8015,66522.2,7918,68089.42,7368,64020.33,7728,65800.89,7741,64738.18,7866,65540.71,7761,66759.79,7874,69789.22,8411,70340.65,8151,69762.03,7962,69751.36,8441,71074.03,8279,68271.47,8638,72216.16,8639,75971.89,8485,72261.41,8449,72345.56,8703,67635.54,8489,67347.28,8091,68583.55,8342,67362.5,8538,69043.34,8167,66461.18,8057,66717.98,8641,66286.6,8376,65229.99,8304,65393.4,8291,64903.16,8238,64532.68,8173,65598.44,7885,61372.99,7797,67180.82,7909,63546.1,7956,64592.57,7945,63621.22,8185,62280.4,7972,64936.65,7923,66373.89,7989,64239.35,8155,72146.2,5527,44135.24,6923,55357.08,7595,58102.66,7734,59270.92,8018,62029.69,226,0
BA,2938,20066.53,3033,20401.02,3173,20950.01,2899,20511.93,2985,19457.94,3242,22080.39,3039,20030.94,3129,21315.18,3166,22558.8,3303,22135.3,3334,21455.86,3285,20316.41,3152,20027.17,3262,21179.13,3358,22781.28,3275,20580.8,3173,20864.29,3125,21024.96,3251,21439.35,3103,20158.89,3406,21486.34,3207,21835.11,3284,20489.52,3292,21390.74,3157,19815.84,3151,19630.1,3233,21096.78,3399,21598.18,3326,21149.55,3190,20262.44,3136,20760.81,3227,20293.91,3107,20183.27,3025,19282.97,3076,20172.11,3111,20136.58,3113,20040.16,3009,19960.99,2946,21079.52,2831,18855.66,2925,19927.5,2874,20284.77,2929,19930.54,2908,20803.44,2933,19711.3,2919,20241.13,2958,22888.25,2450,15819.79,2677,18716.6,2802,18221.28,2976,20419.77,2933,19100.27,342,0
BB,9724,66546.46,9784,68249.85,10036,68296.3,9007,65040.12,9725,65536.76,9879,67284.26,9652,66439.4,9781,68997.3,10029,71488.17,9543,71187.99,9628,68311.09,10033,67897.13,10192,67886.37,10459,72078.21,10330,73665.63,10512,72330.53,10265,70569.22,9347,68408.45,10542,71022.14,10004,69119.97,10512,72474.06,10905,75864.37,9961,69604.69,9869,69328.01,10706,67107.74,10057,67727.9,9160,64628.09,10100,67918.72,10174,66802.22,9745,66511.94,9442,64751.92,10130,65481.71,9728,63376.6,9796,62610.27,10306,66341.41,10232,65850.16,10081,64307.36,9512,63036.58,9123,67224.46,9775,65002.63,9742,67061.05,9708,65802.45,9611,65408.63,9793,66254.12,9652,66556.59,9830,66371.86,9812,74194.47,7142,48855,8213,57663.16,9332,63468.96,9215,64631.14,9505,65488.81,0,0
BC,5790,54641.66,5712,55912.34,5976,56254.01,5506,54334.99,5882,57216.75,6018,56823.54,6006,56976.45,6055,56533.58,6171,63316.88,5982,59159.88,6022,59289.4,6060,57649.44,6059,57947.48,6217,60063.84,6169,61693.32,5870,57140.99,6369,62531.22,5645,56831.98,6389,62273.44,6077,60029.08,6344,62363.55,6419,64357.64,6419,62790.08,6064,59373.22,6603,61523.21,6442,62748.31,6350,62062.18,6285,58581.74,6470,60904.06,6288,57730.15,6158,57925.04,6589,56719.22,6123,54997.77,5966,53148.44,6119,54163.44,6085,52936.31,6062,54509.56,5647,52542.49,5940,60326.52,5882,54991.68,5795,57833.68,5689,51932.48,5726,52956.61,5817,52911.95,5612,52764.77,5725,55188.59,6147,63465.92,4249,38988.18,4983,46940.7,5275,48212.5,5526,51539.67,5805,52544.52,0,0
BD,5975,39455.35,5803,39905.31,6227,41758.62,5611,39194.37,6023,40363.81,6158,41495.19,5892,39771.96,5927,39181.22,6152,42792.5,5725,39798.15,5883,38791.13,6095,40133.85,6177,40376.61,6403,43711.49,6542,44811.37,6183,42541.17,6289,42809.12,5965,42483.99,6405,42485.28,6098,40869.48,6604,44370.7,6775,47518.98,6235,40764.99,6220,41408.77,6373,39422.6,6070,39250.05,5675,38577.1,6424,39608.34,6202,39815.4,5897,38342.64,5881,38203.58,6193,38379.18,6011,38691.8,5907,37295.16,6242,40274.18,6117,38159.94,6046,38206.63,5911,36944.98,5492,38551.73,5766,35870.1,5675,36495.34,5896,37188.58,5973,37664.62,5741,38671.5,5803,38769.95,5834,39151.59,5881,44913.75,4318,28105.35,5112,33599.54,5502,35339.25,5524,36369.48,5755,37495.12,848,0
BE,9681,98895.09,9568,100841.61,10097,106119.8,9568,100447.96,9943,100977.87,9949,104356.91,9829,103635.12,10035,103620.52,10443,114226.96,9098,93365.4,10443,107127.92,10295,105186.38,10234,103453.51,10562,107655.7,10898,112358.49,10647,104630.74,10436,108182.02,9522,94716.29,10849,108436.52,10473,107300.27,10639,109697.21,10827,117320.11,10603,107289.95,10524,105941.35,10686,104367.37,10263,103345.27,10239,106398.39,10575,103931.94,10703,105271.74,10074,101860.32,9835,100624.06,10474,102573.87,10118,100575.34,9653,95515.56,9750,99310.64,9712,96839.12,9565,93197.3,9768,97914,9357,99423.31,9867,97189.29,9767,95140.01,9635,94531.01,9693,96430.08,9142,98302.75,9442,101408.65,9857,103926.86,10348,122609.97,7232,73848.36,8588,84077.52,9162,90785.66,9034,90676.04,9503,92449.24,0,0
BF,4281,32998.48,4160,31434.45,4455,32498.65,4135,30315,4337,33028.87,4495,33386.49,4538,33819.38,4403,32629.08,4570,35887.59,4396,33551.03,4314,31619.02,4431,32939.52,4352,31298.72,4642,34593.39,4453,32997.37,4541,33544.01,4510,34230.68,4342,33567.51,4615,33349.44,4521,32942.25,4828,34952.77,4885,35619.07,4507,32780.6,4418,32215.11,4739,32390.68,4484,31307.67,4283,31291.44,4467,31149.33,4589,30880.36,4670,32605.86,4503,30161.74,4679,30415.49,4591,31173.69,4375,29230.98,4731,31380.75,4627,31242.71,4650,31189.94,4449,30103.88,4077,31573.6,4388,30815.4,4471,30104.9,4455,30155.65,4431,29500.98,4314,27936.86,4422,26770.62,4482,26392.03,4410,29949.6,3220,20137.6,3870,25455.18,3860,28765.1,4038,28732.62,4215,29431.96,749,0
BG,1121,8580.35,1213,9030.54,1475,12202.09,1406,10772.71,1206,9094.94,1308,10145.96,1300,9587.01,1262,10171.67,1730,14220.12,2034,16347.34,1918,15170.43,1576,12450.14,1473,11466.53,1595,12435.84,1741,14631.43,1545,12236.67,1632,13451.6,2178,18738.06,1703,13656.09,1619,12672.23,1812,14721.48,2110,16960.47,1721,14025.56,1889,16098.97,2368,21073.43,2657,23347.03,2479,22154.4,3009,24661.46,2935,25123.28,2946,23842.35,2488,19078.95,2242,15584.31,1926,13739.04,1725,12522.05,1665,11109.18,1663,11479.65,1605,11562.88,1473,11150.79,1873,15674.64,1346,10862.53,1363,9999.78,1246,11704.98,1317,10405.78,1271,10072.86,1225,10294.13,1332,10865.58,1476,12686.48,1610,12359.66,1572,10622.99,1182,10522.5,1238,9257.81,1274,8806.14,0,0
BH,5313,41697.64,5408,42423.11,5437,42665.66,4163,39009.94,5195,41440.82,5347,44221.61,5613,48117.79,5737,46636.5,5628,52300.87,4886,46511.09,4872,43563.22,5432,46310.43,5482,45063.23,5667,48649.81,5867,51036.72,5648,47096.08,5556,47812.77,4517,43627.84,5792,47732.9,5441,46884.79,5493,46634.63,5743,50140.08,5521,46962.07,5173,45968.57,5204,41529.74,4731,41372.41,4642,40931.9,4890,41879.91,5116,43584.1,4715,41927.62,4616,43436.92,5110,41268.88,5506,42966.98,5507,40962.35,5345,42679.73,5335,41966.19,5542,43208.55,5240,42063.63,4145,41048.63,4805,42294.04,5376,40230.54,5269,41402.86,5074,42162.08,5096,42074.8,5035,43355.72,4905,43845.97,4922,47579.14,3475,29259.4,4356,35195.12,5006,40765.44,5064,41551.05,5183,40611.16,997,0
BI,6202,56613.08,6265,56943.57,6552,61646.32,6087,56683.08,6437,60069.84,6384,61204.88,6564,60096.39,6536,60215.2,6763,64151.91,6314,60071.27,6533,60812.32,6639,61496.47,6745,59702.72,8048,70649.28,7089,65496.97,6831,63316.92,6605,60635.25,6595,63902.42,6726,60225.95,6727,61602.94,6970,63988.26,6967,66899.42,6852,63309.42,6660,61226.73,6608,60366.11,6317,58302.62,6217,58919.73,6511,59980.41,6650,60351.9,6441,59854.55,6193,57241.94,6670,59003.98,6550,58795.9,6296,56477.64,5960,52760.72,6177,56382.23,6182,56814.62,6055,57332.27,6014,59662.72,6061,57627.64,6224,57795.12,5965,57753.5,5689,58388.89,6239,58267.09,6089,60372.2,6096,57678.39,6669,72473.03,4820,42323.47,5539,51133.67,5871,55119.58,6082,56721.24,6009,58349.3,0,0
BJ,4573,37822.5,4724,38336.07,4885,41528.01,4655,38560.59,4797,39281.04,4959,39884.49,4943,38570.68,5101,40118.9,5117,43073.14,4550,38404.77,4835,38001.92,4593,35360.26,4479,36504.32,4725,37487.58,4941,40163.65,4692,37752.37,4637,39121.56,4674,38999.85,4779,38631.47,4373,36619.2,4970,41043.39,5274,42195.69,4914,39977.56,4874,39512.09,5216,39778.86,5013,39938.22,4987,38834.91,5277,40718.75,5287,41308.47,5187,40073.21,5061,38728.34,5396,39752.48,5213,39656.05,5092,37038.36,5190,37668.68,5411,39137.38,5481,38866.38,4952,38159.94,5049,41462.75,4263,36664.84,4592,37339.82,4647,36072.08,4745,35961.45,4818,37570.22,4768,39217.57,4938,39857.02,5103,46263.7,3831,26831.52,4348,31514.73,4615,33669.58,4781,34832.77,4775,36492.3,0,0
BK,6566,50623.57,6370,50744.27,6640,52119.3,6161,50689.81,6508,51467.87,6641,52326.49,6581,52094.5,6529,48774.99,6984,55447.77,6507,49409.6,6627,50718.22,6613,50482.68,6650,51104.48,6830,52725.73,7025,55309.95,6614,50637.83,6878,51214.96,6427,49930.61,6825,51604.6,6810,51917.27,7268,55708.7,7254,59282.62,6722,52667.51,6810,51955.66,6540,47528.39,6474,48752.48,6279,48497.72,6482,49220.4,6274,45279.15,5824,42590.41,5908,43054.27,6273,45480.12,6000,44728,6062,45544.06,6291,47980.06,6247,45860.74,6340,47190.4,6334,47691.8,6256,51574.18,6325,49301.59,6504,51495.01,6441,50250.62,6466,49382.8,6485,50900.22,6494,54063.97,6552,52442,7228,65209.69,5081,35861.98,5858,43908.9,6039,47713.12,6252,47456.32,6275,51692.94,0,0
BL,5508,32812.78,5375,32857.36,5413,33850.33,3955,28180.11,5058,30080.74,5431,33749.74,5490,32619.53,5219,31367.67,5125,32550.73,4407,29988.36,4480,29124.13,5344,32192.68,5228,31702.06,5333,31360.94,5614,35553.19,5466,32089.1,5313,32369.15,4401,29915.22,5489,32986.55,5139,30698.07,5509,33932.97,5411,35874.16,5203,31341.66,5178,32857.56,5523,31955.24,4735,28540.78,4326,28604.73,4396,27274.06,4445,27790.7,4614,29260.42,4535,29094.98,5542,31679.16,5753,32437.37,5542,31033.62,5870,31789.8,5702,30784.95,5783,30922.99,5206,28189.59,4440,29816.64,5306,31887.24,5231,31964.38,5536,31454.85,5555,30680.4,5316,32056.74,5310,31784.72,5372,32239.44,5099,32478.98,3384,20511.12,4340,26828.48,4999,28864.57,5075,30354.59,5308,30451.01,596,0
BM,3668,29372.28,3710,28681.49,3899,29954.98,3811,30642.14,3817,29200.14,3804,29736.73,3937,29069.64,3765,28262.27,3950,31451.45,3999,31743.19,4092,31523.82,3887,29887.36,3906,29590.21,4116,30513.31,4272,33220.05,4259,31593.35,4021,30773.18,4105,31729.42,4220,31206.02,3875,30910.34,4291,31586.77,4357,32745.53,4184,31308.06,4004,30124,4160,28327.64,4388,30540.33,4154,30230.76,4258,29217.79,4228,28338.8,4232,28365.19,4160,28340.83,4321,28880.81,4114,27794.76,3979,26054.03,4031,27495.34,4121,26706.68,4312,27718.64,3731,26395.07,4111,29285.8,3848,27836.37,3714,27567.4,3761,27224.33,3743,25665.29,3721,27232.45,3682,26709.72,3642,25441.99,3937,26615.33,2993,19828.02,3581,23991.55,3471,23761.15,3648,24577.21,3759,24795.44,563,0
BN,4049,28819.2,4330,29904.34,5524,41817.48,5265,37571.66,4852,33288.41,4818,34544.29,5029,35368.41,5241,35452.28,6878,57833.27,7588,59266.16,6704,48640.34,5198,35890.31,5145,35342.53,5739,42206.79,6509,46019.18,5964,43500.62,6425,49101.88,7879,65193.74,6297,46356.19,6104,48568.8,7242,55019.98,7694,57942.92,6563,51352.5,7055,54392.24,7555,57886.46,8290,65247.24,8135,65690.8,9468,75153.64,9914,79086.77,11770,91390.6,8377,63016.27,8103,50437.38,7421,50079.08,6145,39281.52,6189,39940.25,6251,40733.98,6080,37452.48,5168,40063.06,7465,61125.33,5174,30453.04,4900,29406.58,4813,27581.61,4902,28756.98,4434,26797.01,4284,25812.46,4457,26299.66,5335,43099.94,6237,46315.46,5876,30064.3,3957,22538.07,4073,23725.62,4292,25733.3,0,0
BO,7494,74918.45,7445,74116.74,7707,79739.28,7065,75026.89,7443,75829.48,7851,79981.84,7696,78808.16,7931,79174.53,7955,83761.71,6714,68915.8,7596,77398.17,7651,76252.96,7799,79671.28,7903,80939.92,8026,82317.58,8187,83784.58,7997,84963.51,7222,76432.94,8149,80813.36,8160,81680.91,8250,85490.57,8501,89740.88,7763,80281.01,7811,80770.91,8469,86035.46,7726,78556.94,7589,82165.26,7646,78029.14,7852,80121.05,7614,77358.22,7568,78525.47,8150,79992.15,7981,79070.53,7558,74937.45,7933,77389.69,7888,75477.43,7855,78437.17,7520,76057,7220,80027.67,7829,78611.75,7605,81646.6,7832,77891.1,7712,77760.16,7663,79996.21,7299,78960.91,7520,81270.03,7763,92737.5,5701,58325.96,6688,69480.81,7168,75247.02,7272,77185.67,7343,79067.48,0,0
BP,4625,36217.22,4343,35576.27,4504,35321.74,4244,34226.99,4621,35673.91,4774,37052.95,4702,38006.06,4787,40289.59,4950,42854.18,4651,38196.96,4681,38827.19,4606,38898.76,4797,37457.96,4952,39166.7,5115,41739.19,5005,40380.09,4982,41168.72,4473,37467.46,4743,38432.36,4898,38166.42,4969,41003.1,4816,41204.12,4845,40067,4832,39718.01,4895,35352.45,4828,37089.12,4480,34690.67,4639,33881.71,4766,35597.06,4639,35503.68,4723,36887.13,4950,35865.02,4605,35383.91,4690,35143.36,4694,36450.68,4727,34772.88,4732,35018.52,4587,35159.6,4329,34681.53,4572,33301.13,4596,35375.8,4450,33211.81,4668,33265.61,4447,33461.5,4498,33930.44,4602,33242.26,4734,39609.36,3543,25640.93,4111,27939.9,4341,32065.88,4491,31975.54,4552,33346.81,1159,0
BQ,7781,65369.11,7776,64753.7,8303,68991.56,7827,66221.38,8343,69066.32,8544,72139.67,8282,68187.01,8295,68044.52,8292,72426.24,8125,67795.98,7865,65195.6,7854,64537.64,7897,64002.94,8169,66743.43,8455,71822.6,8182,69232.5,8625,73202.63,8804,74891.59,8547,72102.06,8449,69365.79,8933,74036.26,9127,78436.24,8589,70975.86,8843,72724.16,8772,69104.24,8859,70232.92,8522,68029.36,8933,72307.58,8814,70040.08,8716,69807.64,8375,67778.66,8625,66625.61,8482,66619.52,8380,65137.62,8499,66536.3,8666,67091.5,8746,67511.71,8292,66196.27,8701,74361.94,8236,63745.04,8635,64883.87,8471,62553.43,8725,65087.89,8187,65329.46,8374,67481.26,8402,66286.6,8813,78672.65,6633,47611.62,7317,56861.31,7602,57351.56,7596,62342.31,7737,63204.05,0,0
BR,5535,39789.22,5640,42791.21,5742,43508.63,5432,41120.48,5569,40982.25,5783,43050.46,5701,42125.12,5669,41875.97,5490,42369.63,5052,40065.07,5226,39826.78,5234,40333.87,5537,40466.55,6069,43719.06,6251,45905.67,6033,42878.34,5830,41995.39,5516,42096.53,6018,43747.32,5648,41284.67,5698,42600.48,5719,43662.1,5657,41775.76,5470,40171.28,5522,40576.66,5311,38901.9,4780,36403.99,5064,36671.95,5023,36744.02,4924,36335.98,5094,36875.96,5428,38080.77,5272,38087.87,5510,38537.52,5726,39998.1,5761,40246.78,5527,38727.32,5982,42126.56,5648,43715.04,5428,41835.25,5426,42552.86,5466,41913.41,5620,41271.93,5523,41753.04,5401,42656.39,5502,40685.26,5137,46009.95,3631,26741.19,4438,33944.64,4884,37065.77,5112,40839.54,5427,40616.24,0,0
BS,4581,26746.26,4473,26182.81,4459,26907.05,4361,25834.8,4361,25394.25,4422,27373.14,4404,25407.78,4578,26340.1,4543,28801.57,4546,27555.49,4572,26631.81,4260,25047.52,4446,25800.22,4488,26050.37,4537,27158.43,4464,25211.77,4353,24995.29,4130,25289.6,4327,25324.39,4305,24747.92,4360,24820.98,4615,27209.03,4498,25874.33,4251,24624.75,4883,26044.9,4827,25898.74,4654,26486.42,4961,26831.52,4931,27099.48,4728,26834.57,4606,25822.62,4819,25529.28,4830,25722.13,4622,25084.71,4709,25198.39,4574,25011.63,4618,24849.23,4447,24280.83,4249,26011.4,4433,22853.74,4196,22882.16,4061,22650.74,4185,22812.12,4180,22960.32,4225,23453.6,4225,23777.39,4370,26771.64,3364,18249.7,3897,21306.88,3961,22172.68,4008,22508.64,4160,22865.92,0,0
BT,6466,52522.41,6759,52523.61,6925,54367.77,6447,52168.05,7036,52859.22,7012,55159.66,6921,53912.28,6556,52091.37,6927,54048.35,6558,53794.97,6819,52913.46,6819,52653.25,6456,50942.69,6792,51382.72,7105,55786.8,6993,52919.99,6652,52852.44,6902,54580.89,6922,53737.8,6643,54492.17,7453,59821.71,7451,61657.19,6977,55952.78,6787,53672.22,7609,56732.41,7451,58006.23,7192,57915.9,7455,57603.28,7365,56284.79,7479,57627.64,7511,56274.64,7882,57765.68,7210,53776.73,7098,52955.59,7405,53617.37,7469,54760.26,7421,54140.1,6968,52379.08,7249,57257.16,7003,52568.88,7209,55155.1,7344,52420.69,7044,52714.02,7042,52612.52,7179,54798.83,7267,55799.62,7632,70111.12,5635,38774.02,6231,43418.66,6537,49518.8,6601,51415.84,6521,51831.99,854,0
BU,4824,31422.69,4896,31119,4955,32076.08,4690,31708.1,5022,31062.07,4938,32840.96,4899,31655.58,5042,31524.49,5125,34385.82,5013,31352.57,4696,29786.56,5201,31248.52,4943,30180.61,4915,31603.4,5135,32067.61,4988,30116.53,5016,30758.95,4857,29830.29,4999,30644.24,5000,31952.1,5220,32951.46,5318,34098.79,5191,30938.96,5092,32794.69,5392,33867.5,5543,34381.09,5223,33640.14,5529,34286.7,5324,31810.1,5260,32105.46,4960,31036.67,5198,30259.18,5230,31928.85,4686,29451.24,5229,30496.69,5072,29998.32,5090,29995.28,5189,32574.39,5026,32573.38,5218,33080.88,5213,33215.88,5036,32105.46,4831,34112.12,5058,33417.86,4784,33646.23,5043,33762.96,5155,40074.23,3812,24669.57,4283,28172.34,4599,30475.37,4728,32264.82,4704,32676.91,0,0
BV,7238,47204.49,7787,48405.09,7922,49773.47,7313,48276.94,7910,47495.07,7734,48003.66,7849,48934.6,7596,47458.05,7898,51139.41,6790,43114.07,7677,45880.54,7657,46707.63,7567,45868.35,7811,47152.7,7701,46604.29,7425,44518.99,7540,45525.78,7420,45721.71,7692,46658.13,7113,46170.39,7525,46447.53,7805,47931.84,7636,47922.91,7718,46212.71,7772,43948.48,7629,45524.78,7317,41770.3,7332,40410.2,7280,40697.44,7416,41157.23,7306,40946.12,7582,41690.11,7641,43257.27,7549,43026.86,7585,43980.96,7660,42919.27,7663,43335.42,7205,45131.98,7528,46214.98,7224,52182.16,7409,51214.87,7654,52018.75,7622,50857.59,7580,51372.19,7550,54137.05,7692,53432.64,8008,60620.87,5823,38168.06,6865,43664.28,7335,47898.86,7294,45605.98,7596,48869.2,0,0
BW,6755,46237.81,6897,47217.79,7002,47137.6,6267,42406.76,6916,44618.02,6700,44638.99,6900,46267.96,7101,45927.65,7049,47548.62,6476,43396.64,6945,46249.98,7079,45461.08,7066,45763.47,7252,48683.06,7032,46251.72,7328,46570.16,7341,47941.12,6790,46260.85,7384,48332.17,7039,44637.16,7528,49076.48,7485,50556.83,7333,46629.9,7171,46847.26,7165,43991.12,6875,42557.94,6554,43239,6859,41395.76,6946,42237.19,6874,42603.61,6894,44426.55,7337,43813.49,7191,44267.19,7181,42731.5,7334,44429.59,7343,43357.76,7365,45061.94,7150,42711.2,6854,45800.86,7298,44918.82,7074,44665.08,6536,43669.36,6972,42448.31,6722,43124.3,6663,41581.5,7072,42858.37,7169,47995.29,5011,30296.73,6039,38616.69,6322,40873.03,6351,41180.58,6549,41823.07,0,0
BX,8072,50995.66,7852,51497.21,7872,52776.92,7167,48716.72,7834,50555.09,7761,52173.68,7677,50320.36,7579,49126.94,7624,53900.88,7447,49328.64,7327,48461.28,7440,48305.83,7976,50270.16,7944,49661.96,7790,50741.09,7809,49508.5,7795,49961.98,7508,49716.88,7965,51605.54,7541,49419.77,8186,53110.92,8274,54873.53,7672,50353.76,7826,51933.85,8412,52931.23,8211,52313.1,7956,53420.46,8142,50377.5,8165,51510.23,8123,50180.58,7708,47876.54,8133,48842.81,8000,49933.94,7838,49212.27,7942,48357.64,8121,50476.96,8021,50026.3,7982,48767.7,7884,52541.48,8330,52317.16,7918,55645.34,7767,51944.65,7848,52951.54,7846,52349.64,7826,52303.96,7760,54415.16,7952,58847.67,5400,36900.32,6895,44942.17,7396,50537.86,7681,49859.84,7512,52311.07,0,0
BY,5601,35607.86,5459,36095.84,5537,36487.68,5163,34374.1,5471,36307.87,5546,37760.1,5715,36298.47,5569,37316.45,5817,40360.41,5545,36822.91,5658,37137.07,5662,37488.94,5700,37305.8,5964,39827.15,5848,39174.11,5936,36724.83,5930,38480.89,5654,36623.18,5865,38494.63,5551,35861.15,5914,39019.71,5978,39745.73,5639,36853.17,5736,38048.7,5908,34868.3,5914,34551.62,5738,34718.07,5696,33547.78,5532,33399.59,5613,35199.18,5622,34029.9,5695,32363.28,5603,33985.24,5455,33173.24,5666,34571.91,5664,34492.74,5590,33929.42,5457,32599.77,5406,34903.82,5902,36591.76,5738,37331.7,5589,36035.54,5441,36299.44,5538,37227.16,5474,35110.88,5633,36076.14,6018,42979.16,4395,25711.98,5088,31531.99,5184,33045.35,5226,34272.49,5417,35319.97,491,0
BZ,4524,29597.51,4418,28969.64,4439,29288.15,4071,26601.1,4404,28734.58,4442,29508.36,4456,29008.04,4584,30033.2,3840,26324.98,3464,23430.16,3833,25118.96,3927,24982.26,4523,28784.9,4736,29608.06,5175,32609.93,4702,29769.06,4588,28562.02,4286,27887.95,4486,28358.16,4070,26600.24,4082,27244.14,4149,27965.05,3785,26557.28,4096,27422.09,4109,25678.48,3849,23687.05,3461,23136.92,3454,22315.79,3657,23910.35,3457,22444.69,3471,22693.37,3788,23582.51,3911,25663.26,4195,28674.76,4514,29266.51,4269,26544.28,4343,28194.67,4149,27328.87,3927,28159.14,4195,24720.32,4209,25685.59,4282,24499.05,4384,25033.96,4270,25964.71,4164,25877.42,4157,24477.74,3189,23259.74,2405,15476.72,3003,19796.56,3582,23952.98,3871,23771.3,4101,25963.7,0,0
C,4382,29265.57,4221,30005.32,4456,30660.6,4088,28299.85,4372,29234.1,4430,30049.92,4410,29303.56,4504,29692.35,4654,32305.12,4469,31138.87,4328,30229.72,4234,28752.73,4351,29037.83,4450,29504.56,4153,27722.69,4142,26875.85,4286,27296.36,3888,26955.16,4251,27406,4082,27207.79,4294,28765.66,4246,28565.51,4175,26417.92,4163,27698.55,4723,28709.28,4563,28942.72,4320,28150.01,4471,27937.87,4480,28663.6,4422,28692.02,4289,26671.16,4416,26879.23,4428,27552.17,4252,27694.28,4648,28506.28,4356,27130.95,4397,26579.8,4262,26027.64,4189,29111.21,4577,26768.59,4238,29944.53,4217,28210.91,4246,28929.53,4263,30032.83,4342,29897.84,4404,28223.09,4531,31628.41,3196,20849.11,3880,24019.98,4202,27829.27,4127,27370.49,4364,29878.55,589,0
CA,11474,124578.48,11487,124150.57,12094,133723.2,10968,123593.18,11399,126877.52,11675,131983.29,11579,125520.05,11775,128314.89,11978,143447.95,10435,115951.42,11783,127559.56,12687,135956.01,11687,124347.43,12085,129203.21,11782,131773.24,11638,126896.63,11807,131668.62,11196,126737.78,11646,127160.51,11764,129951.11,12128,137737.23,12253,144120.58,12285,137409.5,11739,131984.62,12314,138527.2,11758,132121.53,11741,135557.31,12010,133668.39,12127,135158.41,11651,134536.22,11304,129388.14,12017,131855.6,11647,128640.08,11657,125768.65,11525,127433.25,11614,126829.32,11624,124338.51,11361,126212.2,11555,137032.1,11599,124989.13,11762,128217.84,11395,128710.12,11279,126181.75,11188,131168.45,11030,129962.63,11732,142095.94,12909,177405.76,9210,104294.29,10011,115344.6,10686,120409.45,10880,122020.25,11203,123833.04,0,0
CB,4089,30507.55,4209,31277.05,5123,39270.92,4791,37699.08,5002,36310.1,5095,38342.31,4805,35448.52,4702,34168.86,4662,35663.21,4444,33460.04,4766,34450.85,4437,32584.28,4473,32183.38,5030,35449.84,5440,36912.43,4675,34929.94,4665,35750.38,4583,35426.61,4758,34630.47,4355,33666,5015,37584.44,5081,39153.29,4785,36978.04,4989,38021.86,5075,34855.1,4940,37347.94,5010,36835.36,5298,38462.41,5473,38636.99,5387,38940.48,5116,36848.56,5214,33585.34,5352,36694.28,4853,33667.55,4934,34005.54,4918,32760.14,5018,32866.71,4502,31244.74,4429,33695.97,4399,31838.52,4440,33899.98,4336,31183.84,4333,32990.54,4234,32886,4307,33118.44,4510,33840.1,4276,36684.13,3448,26661,3990,28075.91,4170,30457.1,4064,30296.73,4103,30761.6,0,0
CC,4210,26441.16,4175,26270.44,4452,28197.01,4153,25471.47,4288,27096.61,4369,28026.08,4223,25739.78,4213,25652.8,4184,27185.76,3994,25446.33,4260,25091.02,4348,26661.16,4014,25609.41,4389,28083.65,4305,27663.49,4077,26013.56,4186,25408.97,4019,25176.8,4311,26982.91,4034,24418.39,4246,26612.54,4300,28270.31,4108,26183.43,4044,25610.64,4478,25662.24,4505,25638.9,4310,27166.48,4369,26584.88,4232,24577.21,4393,25637.88,4224,25840.88,4434,25132.41,4210,25421.69,4331,26448.87,4368,25825.66,4532,26026.63,4451,25280.6,4287,24948.7,4170,26135.23,4352,28097.23,4115,29091.93,3966,28527.59,4227,27406.01,4196,29186.32,4279,30400.26,4423,29164,4666,36694.28,3353,21432.74,3776,26120.01,4080,27281.17,3985,28027.19,4024,28484.96,1204,0
CD,6428,52896.24,6892,53666.91,7035,56352.2,6775,54952.02,7067,54996.73,7257,57065.51,7019,55298.68,7070,55782.04,7407,59090.91,6756,54789.57,7405,58052.43,7371,55878.21,7026,53314.78,7445,57308.22,7773,59969.64,7408,58035.54,7323,57367.33,6715,56196.76,7486,58620.53,6835,56680.48,7447,60260.58,7564,61216.26,7231,58247.8,7045,58200.09,7602,57098.82,7607,59199.87,7233,57602.26,7666,57636.77,7902,58247.8,7685,56372.08,6661,48759.58,7249,51827.93,7413,53542.26,7146,51079.87,7369,54616.13,7395,52476.51,7453,53330.13,6982,51722.37,7246,59110.55,7225,53046.94,7163,50441.44,6983,48944.31,7077,53089.58,6914,52744.48,7038,52012.66,7203,51539.67,7344,59573.4,5363,38914.08,6449,43084.72,6856,47015.81,6657,49719.77,6778,51889.84,0,0
CE,7155,37857.77,7165,37419.66,6997,38258.09,4206,28356.96,7011,37433.18,7249,39597.71,6939,37892.28,7211,38634.61,6680,39153.46,4546,31517.43,4727,31130.27,6471,36587.26,7065,37540.15,7103,38419.22,6779,38947.45,6746,37180.44,6369,36940.76,4575,30873.1,6417,36449.9,5738,34356.51,5866,35620.93,6092,36873.24,5268,33442.59,5120,33676.4,5428,31959.3,4828,30747.39,4749,30619.5,4729,29601.46,5068,31804.01,4961,32247.56,5764,34014.68,9007,41353.13,8446,40085.39,7970,38099.04,8269,39441.88,7858,39521.05,7749,38062.5,6750,34823.63,4384,31127,6740,37741.76,7319,37824.99,7054,36462.86,7183,35761.49,6985,37581.39,6619,34580.03,7106,33145.84,5195,32217.12,3215,20461.38,4566,28566.16,6775,32314.55,6768,33617.81,6736,33401.62,0,0
CF,5119,30436.34,5092,30107.46,5297,31262.39,4655,28188.8,5248,32046.23,5302,31960.9,5315,31021.31,5310,32529.47,5420,34272.59,5206,32334.15,5320,32506.32,5420,31652.15,5294,31481.07,5386,32273.47,5489,34532.09,5406,31383.53,5295,31555.61,4999,31223.43,5369,31843.11,5504,32099.08,5434,32431.9,5562,33895.32,5442,32459.73,5359,31927.49,5837,32127.8,5481,30310.94,5322,31263.01,5463,30769.72,5376,30213.5,5280,28889.94,5210,29656.27,5533,29918.14,5309,29401.5,5219,28831.07,5355,29531.42,5291,29478.64,5348,29027.98,5160,28949.83,4998,29587.25,5105,31302.6,5249,30875.28,5255,29858.25,5192,30344.44,5331,30347.48,5421,31842.58,5403,31828.37,5699,35547.33,4185,21780.88,4934,26694.5,4969,28818.89,5007,28952.87,5020,30838.74,0,0
CG,5248,39512.97,5773,40798.39,5901,42959.1,5568,40656.18,5881,40527.31,6016,43340.89,5947,41229.92,5974,41226.44,5937,42514.19,5545,41001,6187,41761.82,5999,40463.73,5953,40042.33,6142,42370.64,6318,44664.48,6058,41836.69,6126,41990.53,5794,40145.85,6349,42516.78,5905,43629.25,6471,45851.31,6677,46383.36,6120,42457.91,6275,42685.47,6365,41668.8,6280,42347.83,6158,41686.05,6320,39764.66,6256,40569.55,6375,40167.61,6008,38759.8,6409,39012.54,6116,38628.87,6157,39253.09,6193,39431.73,6247,38318.28,6380,38517.22,4982,33628.98,5456,37322.56,5701,39373.88,6088,41124.75,5948,39170.88,5931,40579.7,5882,39994.04,6051,40649.73,5949,40771.53,6187,47113.26,4129,25247.11,5115,33748.75,5409,36603.94,5521,38114.26,5586,37799.62,0,0
CH,3125,24338.06,3270,24887.76,3318,25884.33,3220,25430.47,3460,26639.51,3353,26402.99,3394,25904.13,3504,26520.5,3550,28045.29,3357,26621.21,3650,27635.94,3464,26266.27,3478,25638.19,3610,27251.34,3666,28253.51,3452,25092.9,3415,26101.97,3475,26813.66,3500,26305.4,3348,25904.76,3679,27770.31,3784,29312.45,3399,25342.27,3546,27191.85,4079,29653.22,4057,29626.83,3963,30857.01,3997,29058.44,3966,28591.53,3956,27729.8,3964,28090.12,3861,26997.98,3979,28325.6,3810,26800.06,3963,27743,3795,25966.74,3794,26765.55,3598,26323.01,3708,28962.01,3711,27047.72,3440,27106.59,3496,27018.28,3349,27392.82,3298,27005.09,3480,26625.48,3470,27425.3,3674,31795.89,2716,20451.23,3198,23589.62,3299,25255.23,3336,25170.98,3349,25866.26,0,0
CI,5937,47466.4,5678,45539.63,6017,48924.19,5690,47095.65,5923,48956.41,6096,49600.15,6069,49330.08,5882,47603.88,6059,50527.21,5890,48724.59,6050,47964.79,6017,48162.94,6160,48236.51,6268,49810.02,6485,53662.42,6423,50908.56,6306,51773.3,5991,50122.28,6116,50645.47,5812,47797.23,6022,49800.64,6174,53917.89,6212,49858.85,6195,49823.45,6280,50679.96,6094,49232.58,6181,50717.52,6325,50719.55,6263,50257.72,5833,49031.6,5838,48170.88,5957,46192.65,6021,48292.68,5947,47217.8,5956,47583.2,5887,46799.62,5919,46929.54,5834,48022.69,5809,50359.22,6055,52591.21,5753,43780,5736,48578.91,5889,46943.75,5761,48052.13,5732,49950.18,5828,51537.64,6233,57906.76,4672,36663.83,5157,41316.59,5437,45393.84,5635,46449.44,5789,48167.84,0,0
CJ,8258,54523.3,8148,53582.63,8166,53543.28,7279,50036.26,8016,53297.96,8420,55946.24,8308,54031.83,8163,52937.89,7307,50836.22,5721,39755.83,6846,47302,7367,49419.18,8381,54246.09,8728,55971.05,8478,55604.56,8284,54717.56,8109,51587.11,7521,50310.71,8235,53497.88,8058,54163.99,7897,53746.42,8173,54875.69,7598,51625.72,7607,51242.25,7413,47460.38,7005,45258.85,6715,44964.5,6714,43617.59,6707,43133.44,6555,42444.26,6578,42477.75,7044,43277.57,7231,46126.68,7666,48698.68,8223,49904.5,8222,51276.78,7966,50321.67,7654,47653.23,7612,52665.3,8356,54540.01,7910,55014.01,8047,54090.36,7873,54017.28,7840,56575.08,8056,56443.13,8049,56299,7198,55335.77,4629,34723.15,6073,43450.12,7087,49526.92,7420,51720.34,7692,54655.72,0,0
CK,4256,36169,4437,35496.71,4476,37112.59,4410,36930.25,4525,35520,4636,38809.84,4731,37041.64,4634,36950.38,5039,42163.72,4759,40324.03,4787,38915.95,4696,38200.38,4587,37492.94,4740,38315.99,5037,42199.37,4889,39237.22,4779,40738.09,4882,41996.26,4792,39658.15,4580,39132.05,4907,40844.48,5030,42711.98,4673,39849.67,4693,39644.13,4877,38824.76,4919,40080.32,4903,40440.64,4981,40614.21,4949,39743.34,5056,39770.74,4955,39227.72,4913,36774.46,4679,37117.53,4722,35672.17,4756,36416.17,4796,35288.5,5176,35398.12,4282,34002.5,4701,38591.31,4656,34853.07,4506,36291.32,4460,35413.35,4489,36608,4385,37297.19,4552,36583.64,4563,38860.29,4730,44464.1,3632,29085.84,4221,32663.71,4337,34710.97,4323,34515.07,4451,34757.66,0,0
CL,6256,36386.54,6209,36850.61,6348,38708.89,5812,35785.96,6295,38432.35,6448,39534.52,6662,40004.85,6497,38031.87,6804,43821.13,6675,45433.82,6724,41759.13,6700,40027,6811,39494.06,6803,40672.23,7039,44575.66,6933,41848.59,6721,41184.89,6590,42327.06,6758,40722.35,6763,39926.19,7097,43338.4,7581,46254.64,7089,43044.12,7020,42202.47,7439,42044.34,6982,42944.65,7148,43390.23,7364,44170.77,7164,42976.12,7147,44606.2,6818,43772.89,6986,41043.55,6986,39540.34,6763,37906.19,6964,39886.45,6695,37496.13,6642,36882.05,6518,37363.16,6024,39639.81,6499,38009.72,6372,38802.44,6198,36186.78,6358,35085.5,6289,36851.6,6224,34703.86,6471,34994.16,6344,39928.07,5220,28945.77,5797,33759.91,5867,33095.09,6024,32996.63,6178,34798.26,0,0
CM,6397,47109.51,6911,47319.28,6982,48788.76,6737,46234.05,7060,46899.96,7135,49696.73,7298,46856.51,7125,46204.52,7224,49788.68,6686,47246.17,7114,47281.06,7278,46560.44,7129,48192.77,7419,49978.02,7406,51444.05,7085,48867.18,7093,48727.6,7083,49243.78,7376,51633.11,6575,47623.71,7465,51871.06,7509,51955.98,7142,49427.6,7285,50257.04,7415,48728.12,7167,49025.51,6934,47130.51,7194,47468.5,7162,46236.3,7282,45789.69,7284,47337.57,7527,46514.4,7307,46678.84,7255,45941.94,7262,45632.37,7475,47402.53,7571,44578.8,6940,46533.69,6842,47346.7,6795,46344.9,7088,47795.33,6980,44268.21,7110,46270.8,7037,47571.02,7086,49385.84,7292,47838.98,7534,57208.44,5505,32815.96,6555,39519.02,6424,42604.62,6457,41074,6730,43198.4,0,0
CN,6018,43700.61,5941,42330.06,6271,44289.92,5903,43362.26,6034,43238.91,6237,43762.15,6233,44814.49,5914,42062.22,6044,46252.39,5510,40905.22,5889,42309.09,6070,43098.65,6311,44432.16,6179,43596.21,6726,46931.3,6583,46014.67,6331,44258.68,6209,45635.71,6137,43520.58,6057,42661.4,6323,45662.22,6185,44937.05,5954,42990.14,5611,40704.54,6255,42925.36,6091,42657.4,5540,39826.57,5676,39694.62,5850,39884.42,5610,39313.99,5742,40734.99,6071,39970.7,5913,40778.64,6171,42564.02,6351,43047.16,6401,43317.16,6270,42230.09,6157,42658.42,6132,46140.88,6178,42966.98,6051,42767.02,5896,42767.02,6064,43426.77,6001,42641.16,5984,44669.13,5969,42372.19,5525,42715.26,3650,27827.24,4972,33637.1,5332,37889.95,5685,40596.95,5858,41802.77,0,0
CO,3537,30149.08,3290,28376.92,3718,31888.58,3519,31507.68,3377,29307.83,3745,33310.98,3612,31713.45,3672,31753.7,3976,35896.11,3782,32843.63,3899,32471.91,3621,31207.17,3652,31499.97,3601,30049.66,3854,34325.78,3747,30698.11,3696,33005.37,3730,32330.99,3809,32969.03,3630,30899.24,3751,32824.19,3967,33813.43,3660,31569.63,3780,32224.35,3691,31398.01,3990,32204.94,3774,31848.67,4021,33436.13,3980,31573.6,3934,31681.19,3726,31565.48,3743,28519.47,3702,28601.68,3570,28156.1,3716,29842.01,3584,28903.14,3511,27522.74,3560,29002.61,3780,33430.04,3454,28442.33,3487,26802.09,3640,28423.04,3576,28900.09,3589,30193.2,3588,28294.14,3679,31311.73,4017,36916.56,3172,24345.79,3165,25829.72,3179,26764.53,3244,28289.06,3369,27836.37,674,0
CP,6765,44466.3,6611,42749.33,6473,43931.54,6042,39774.75,6271,40402.8,6363,42871.37,6240,40975.61,6348,40407.66,6117,41725.88,6135,41295.3,6426,41774.67,6402,41409.91,6352,42186.3,6603,42000.89,6938,44685.97,6617,42600.63,6749,43882.64,6183,42465.66,6885,44881.31,6591,43464.99,6969,45383.3,7098,47729.51,6577,43334.79,6983,46013.61,7468,45151.26,7206,44989.87,6896,43953.56,7430,43679.51,7359,45728.8,6951,43693.72,6703,42997.43,7369,43589.18,7247,44917.81,6870,42963.94,6989,42617.82,6891,42401.62,6882,42057.54,6591,40433.54,6753,45878,6683,41827.13,6655,40501.54,6647,42450.34,6593,41861.64,6251,43323.24,6413,42309.26,6565,43634.85,6978,49556.36,4929,31958.29,5816,38650.18,6241,40276.21,6284,41345.01,6713,43120.24,0,0
CQ,5027,55265.25,5083,56677.96,5409,62561.44,5236,61346.63,5114,56147.85,5501,60097.54,5317,58514.62,5414,61122.92,6520,85358.33,5454,61475.97,5779,65321.57,5669,61716.47,5613,63788.27,5699,65926.15,6040,70649.79,5876,65989.28,5854,70580.99,6361,83375.8,5970,70845.7,6163,74670.62,6221,72820.44,6514,81631.39,6274,76831.05,6238,79051.37,6490,80117,6709,83580.17,6782,88955.62,7122,88737.39,7735,105036.26,7601,93860.09,6316,76466.04,6356,66535.28,6213,70072.55,5985,64980.3,5980,63448.66,5779,62607.23,5633,59874.85,5719,66273.41,8335,103866.98,7367,59539.9,5416,58430.5,5277,58899.44,5508,62373.78,5271,61964.73,5245,58772.56,5306,63234.5,5998,90162.45,5110,66223.67,5448,55570.23,5039,51972.06,4982,54342.08,5156,55062.73,0,0
CR,5029,32276.94,5068,30990.16,5268,32968.08,5237,33816.7,5256,31179.28,5374,33785.98,5453,31469.62,5525,33464.54,5705,36315.68,5291,35279.35,5384,32946.2,5426,31829.4,5350,31625.43,5531,33028.45,5608,35574.48,5493,32547.2,5445,33402.54,5327,33230.2,5464,33444.57,4992,32465.89,5903,33378.54,5936,35891.34,5336,31488,5535,33094.16,5619,31188.92,5171,31393.95,5211,31055.96,5269,30824.53,5333,30862.09,5318,30995.05,5387,31623.34,5711,30666.19,5522,29828.82,5305,29265.5,5544,30178.99,5442,28847.32,5194,26282.41,4954,27165.46,5095,29939.46,4932,31311.73,4969,31880.14,5119,30864.12,5093,30726.08,5213,32417.07,5063,31635.52,5456,30760.59,5630,35334.18,3889,22456.87,4788,27694.28,5097,28131.74,5033,28245.42,5431,30126.21,0,0
CS,7988,58885.59,7969,59093.66,8117,60575.19,7443,56680.28,8016,58570.22,8187,61732.08,7328,53710.34,7798,55444.08,8092,62153.7,7785,60191.81,7734,58116.37,7995,59221.18,8050,57971.19,8096,59514.28,8692,65759.32,8130,61193.82,8206,60480.69,7616,58813.01,8433,63060.3,8327,58659.07,8488,64512.77,8600,66229,8230,60130.23,8325,62143.74,8257,57800.19,8146,59021.23,7746,57842.82,8256,57963.6,7948,55587.49,7896,56538.54,7934,57600.23,8164,55826.01,8093,58117.88,8030,56965.86,8290,58439.64,8171,57760.6,8072,55360.13,7994,55578.36,7647,58952.22,8060,59085.18,8009,57657.08,8090,56414.72,7948,54592.79,7892,56734.44,7934,54607,8027,57126.23,8586,70391.26,5963,37891.98,6829,46452.49,7423,50914.43,7705,54011.19,7742,55044.46,0,0
CT,9588,42707.3,10382,46718.98,11686,52828.09,11672,52174.23,11022,48879.92,11014,48747.43,11173,48827,11162,49548.92,11205,51230.5,10503,49328.29,11146,49864.14,11098,50539.07,12248,54797.03,12152,54576.09,11289,49725.75,12626,55189.9,12467,55333.45,12807,58328.99,13087,57968.45,12741,57097.27,13312,59879.56,13812,60494.48,12565,56461.63,13382,60428.94,10944,46158.14,11892,50352.12,11802,54131.98,12021,53370.73,12123,54051.8,12530,56178.22,10232,44324.04,12287,48875.3,12132,50549.03,11059,46061.72,10400,42470.64,10422,43246.1,11281,46579.36,10656,43892.66,11169,52710.98,10799,36083.25,11465,44149.45,11371,41134.9,11757,40676.12,10817,46342.87,10055,44950.29,12778,44950.29,11399,40626.39,6073,27534.92,8272,17330.11,8388,38916.12,9500,37573.27,9921,40566.5,0,0
CU,5550,43258.72,5322,40725.96,4333,32648.21,4324,31320.49,4361,31121.36,4484,33615.23,5144,37131.33,5274,40793.22,5954,48884.05,5781,46927.68,5896,44644.59,5837,44316.78,5852,43619.64,6145,47087.87,6426,50576.86,6129,48133.34,5968,48305.67,6310,51210.21,6081,47128.38,5995,46996.98,6311,51548.14,6584,55297.73,6198,48286.19,6182,49756.57,6749,51334.64,6745,53942.18,6673,52230.88,6934,56754.74,7307,56586.25,6817,60306.22,6455,53043.9,6251,52841.91,5870,48117.09,5793,46823.98,5945,48168.86,5762,45360.35,5819,43944.42,5528,44467.15,5643,48733.19,5567,39853.98,5140,41939.8,5258,42310.27,5511,41263.81,5348,42008.82,5426,42638.12,5278,41611.95,5531,49767.48,4482,29873.48,4770,36159.38,4755,36966.3,5070,39985.92,5210,40985.7,0,0
CV,5262,33629.01,5719,33660.38,5679,33480.4,5104,31519.45,6112,34629.69,6094,35620.5,6150,34518.7,6319,35269.21,6187,36838.33,5509,35603.26,5618,32194.72,6069,34552.83,6169,35450.21,6422,37097.37,6467,37762.33,6219,36392.32,6185,36645.76,5806,35189.67,6383,38294.45,5866,37748.41,6624,37748.14,6708,39650.78,6403,38866.89,6375,36887.49,6326,34666.31,5565,30955.47,5709,32629.2,5563,29654.24,5723,29892.76,5741,30061.25,5611,30324.14,6218,31614.2,6328,32813.94,6078,31672.06,6365,33020.99,6258,31478.19,6606,30747.39,5316,30678.37,5181,30227.71,5429,32613.98,5489,34175.05,5731,32553.08,5877,33109.3,6073,33232.12,6334,34420.68,6081,34714.02,5983,37204.82,4424,21786.98,5186,28235.27,5800,30815.4,5720,30705.78,5660,31616.23,0,0
CW,7349,53948.29,7582,57050.2,7332,55601.63,7245,55381.93,7809,57148.84,7490,57112.52,7537,56546.15,7593,55629.34,7886,61663.59,7967,61809.72,7833,57192.01,7872,57263.69,7746,54801.85,8061,59271.47,8499,63441.35,8198,61516.18,7960,60460.08,7577,57570.45,8014,59361.79,7772,56976.46,8368,61078.94,8329,63116.53,7800,57682.65,7657,57530.61,8415,57303.86,8212,56064.54,7506,55861.54,7822,53135.25,8025,54898.3,8059,57037.92,7567,55576.32,8214,55471.78,7819,55226.15,7622,52365.88,7852,53022.58,7894,53616.36,8018,54691.24,7641,52886.58,7416,56000.59,7618,55565.16,7441,54860.75,7490,55716.4,7489,52034.99,7614,54527.83,7732,52886.58,7721,53298.66,8057,61859.18,5438,40301.59,6299,45799.84,6941,50871.8,6890,51849.24,7388,54377.61,0,0
CX,5967,40679.78,5826,40058.31,5933,41843.3,5724,41478.19,6109,42142.48,6267,41960.9,6180,42390.88,5872,40357.81,6359,46552.5,5938,43294.56,6215,43581.53,6047,41186.72,6017,41639.67,6080,44024.49,6460,44958.24,6174,41980.03,6069,42979.97,6105,43048.06,6276,41495.51,6077,40534.46,6262,43624.85,6262,44704.04,6281,42419.98,6318,42540.68,6502,40526.92,6374,40495.45,6198,41236.4,6380,41766.23,6338,41292.23,5983,41494.21,5931,41160.28,6220,39826.57,5929,40324.94,6113,40256.93,6129,39847.88,6211,40103.66,6025,38379.18,5924,39124.19,5949,41723.6,5936,39892.54,5787,41228.28,6070,39467.26,6061,38997.31,5961,40025.51,6166,41224.22,6366,39173.92,6377,44734.09,4666,27579.58,5375,32751,5537,37436.24,5940,37950.85,5947,38920.17,879,0
CY,4849,29410.5,4662,29040.68,4787,29625.17,4621,27261.24,4711,29747.65,4754,28920.87,4630,28185.41,4767,29770.73,4898,32301.22,4628,27028.07,5161,31114.24,4938,28139.58,5180,29668.15,5204,31620.38,5331,33903.88,4979,30387.05,4976,29924.99,4634,28807.52,5094,31466.15,4959,30091.87,5828,36179.65,5748,37370.15,5110,31217.95,5098,31552.03,5337,29518.23,5183,30032.83,4914,29092.94,5120,30209.44,5158,30611.38,5146,31485.3,4931,28871.67,5374,31797.92,5152,30484.51,4866,28349.96,4926,29048.28,4970,29364.96,4869,29046.25,4785,28030.24,4673,30526.12,4963,29260.42,4755,29315.23,4755,27786.64,4769,27213.16,4941,29628.86,4749,28059.67,4890,28691,4806,32449.55,3449,18023.36,3954,22520.82,4333,27114.71,4464,27628.3,4386,28638.22,0,0
CZ,7736,109755.26,7813,109100.22,8252,116423.25,7804,108394.6,7868,111470.46,8381,117821.79,8237,115113.97,8387,120268.27,8787,138739.18,7344,108579.68,8400,121590.08,8180,116286.35,8305,122978.99,8479,126600.8,8659,130016.57,8172,118159.71,8367,126385.01,8326,126002.56,8546,125940.55,8467,123121.28,8450,122587.41,8780,131288.85,8447,124092.69,8406,122341.49,8398,122519.64,8661,126924.73,8274,123771.13,8656,121803.04,8876,125246.94,8439,122267.92,8267,119407.64,8415,117612.11,8132,114867.55,7831,109024.2,8098,114096.15,7998,112827.4,8042,115269.49,7876,114636.13,8065,123230.14,8028,117697.37,8006,113897.21,7724,113216.14,8162,116051.04,9048,118071.9,8655,120274.45,8332,131164.39,9299,161058.17,6491,92407.63,7299,104088.25,7467,106089.83,7473,111579.96,7636,114209.83,0,0
D,6043,40247.28,5821,37998.14,6050,40014.15,5111,35524.19,5578,38052.94,5977,39159.87,5848,38503.71,5854,37247.8,5802,39179.51,5916,39827.39,5855,38333.93,6276,40059.04,6018,39169.39,6275,40658.88,6255,42663.41,6176,39103.23,6180,40474.63,5757,38515.45,5958,40843.13,5605,38858.43,6388,43457.37,6587,44652.2,6385,42013.13,5971,38869.86,6618,41749.99,6373,41489.14,5359,35322,6195,40721.8,6265,41240.46,5860,39628.64,5961,40275.2,6767,42196.59,6570,41066.9,6422,40784.73,6802,43680.52,6511,40415.27,6644,41004.98,6475,39967.66,5755,40910.59,5834,38794.31,6068,41590.64,5766,39788,6181,39293.7,6070,40438.62,5984,41085.17,5882,39136.37,5998,41390.68,4052,26157.56,4960,32030.35,5410,37251.52,5584,38282.75,5827,39259.18,206,0
DA,10241,114589.46,9927,112107.66,10528,116924.17,9670,110761.03,10002,110537.46,10526,118639.34,10140,112202.15,10012,113038.36,11136,136853.8,9181,99940.51,10105,115351.56,9791,108952.55,10373,115350.05,11342,123507.04,10378,113697.82,10168,111075.43,10380,118266.06,10358,117915.89,10840,116556.46,10547,116992.87,11089,122404.58,11733,127724.85,10668,119770.97,10593,120658.36,10625,120845.9,10410,119521.32,10137,120686.54,11005,124117.24,10837,119413.73,10602,115598.35,9923,110248.28,10756,112966.45,10350,113335.92,10208,111119.15,10248,111126.26,10177,110034.12,10133,110029.04,9755,110205.65,10095,122240.51,9940,115474.52,10156,116298.7,9823,114618.87,10031,115522.22,10191,117980.56,10292,128103.15,10772,138959.59,13445,188583.96,8916,96324.51,9610,105386.43,9722,108873.98,9548,110743.6,9615,115074.61,0,0
DB,9115,77961.3,8885,79345.48,9076,80860.8,8415,73639.09,8823,77530.92,9025,78420.38,8859,78828.16,8950,76900.49,9561,92693.12,7702,66097.45,8581,73961.2,8588,74705.26,8894,77193.16,9029,79593.07,8628,79615.78,8834,78112.75,8700,76206.76,8085,72349.63,8871,74602.56,8815,77607.13,8793,77952.76,8948,81422.99,9038,78268.41,8834,75066.74,9403,84886.48,8968,83968.92,9098,88288.76,9046,82541.83,8740,78284.92,8331,73584.45,8168,71834.59,8904,73089.13,8674,73850.38,8182,71357.54,8881,76283.34,8639,75665.2,8709,74950.64,8531,75866.17,8337,76822.3,8940,87814.75,8570,88383.15,8685,88949.52,9150,86973.32,8914,97958.66,8783,94686.3,9243,95141.02,11015,133778.01,7085,68711.44,7899,78616.82,8308,82583.44,8529,81828.28,8369,85206.2,0,0
DC,13577,148420.62,13385,146184.43,14009,153624.58,13200,147887.81,13854,151108.36,14323,158965.88,13863,154756.07,14011,155599.31,14554,177878.25,12569,145111.47,13632,154829.63,13836,154872.74,14090,153770.53,14337,160743.21,13950,157571.94,14049,157406.7,14216,164703.98,13528,170704.49,14257,172921.65,13964,169534.87,14304,175239.15,14688,185973.3,14072,167979.3,13963,168711.68,14659,169622.74,14699,173046.34,14331,173453.35,15029,174318.13,14966,177284.97,14778,177290.05,13808,159611.79,14345,161195.19,14085,154433.26,13619,148116.92,14125,153244.7,13629,147151.66,13546,146522.35,13839,157966.48,14542,172573.34,14540,159694.01,13821,157646.75,13686,154602.77,13448,162655.78,13598,154388.6,14103,164741.6,14031,172694.13,15062,217008.02,10546,127534.75,12634,142468.44,13234,146432.02,12999,146692.88,13217,151473.52,0,0
DD,9759,82181.24,9598,79997.44,9991,83398.05,9244,79841.64,9774,82836.44,9910,86209.59,9953,83205.47,9709,82126.03,9650,88558.68,8556,71948.39,9566,81313.33,9834,81856.48,10075,82036.98,10219,84808.01,10266,85980.27,10079,82984.26,9926,83232.86,9512,82074.28,10607,84490.91,9693,81925.61,10067,84206.4,9935,85574.19,10346,84552.16,10182,82930.04,10666,88514.09,9992,85147.34,9687,84930.12,10229,84491.64,10071,80540.25,9674,81857.72,9518,78653.36,9824,80847.8,9812,79524.23,9967,79720.13,9734,81422.28,9653,78767.04,10232,80641.75,9351,74078.76,9609,83798.4,9896,84862.12,9822,86027.34,9740,81530.89,9974,83372.1,9745,84900.69,10266,90305.56,10469,88962.72,11213,108428.39,7818,63393.86,8332,72643.55,8772,79118.23,9395,78509.23,9740,79202.48,0,0
DE,13955,187196.92,13961,190157.52,14450,198288.16,12763,182909.67,14408,194564.68,15071,200974.75,14598,192821.9,14771,193759.21,15304,229126.34,12556,170839.25,13850,187173.26,14598,190681.42,14722,194121.52,14925,202763.54,14969,203477.82,15280,206191.73,15443,211614.45,14454,203366.47,15469,208598.93,15337,212811.89,15297,209997.4,15618,228161.09,14254,203290.48,14667,208202.41,14765,206770.72,14255,207809.07,14042,207490.36,14500,206176.95,14968,207273.15,14438,208380.52,13849,196090.9,14820,196308.1,14298,191465.54,13946,189259.94,14342,193463.06,13969,186196.68,14177,190553.06,12857,181220.13,13279,208382.54,13212,203052.78,13572,202124.06,13532,205381.19,13602,202356.49,13570,210341.49,13950,212375.56,14330,224532.21,15682,282978.95,10914,171980.58,12057,177355.01,13089,190146.04,13531,194020.3,13335,190689.06,0,0
DF,8983,100852.29,9126,103742.82,9319,106548.23,8341,97664.69,7977,92692.86,8231,97721.09,8240,95072.35,8232,95266.14,8317,103878.49,7184,82793.03,8262,96391.21,8298,94904.08,8540,97482.67,8761,100921.58,8984,103914.67,8730,98578.52,8752,104518.86,8134,99063.18,9412,104741.26,8442,99360.82,8977,104738.14,9238,111049.87,8748,102398.07,8883,101998.44,8890,96817.8,8214,92221.88,7946,91335.79,8095,89356.54,8089,92667.47,8389,90638.48,8099,91197.75,8399,92879.6,8353,89381.92,7908,86629.23,8253,89653.94,8270,90825.24,8424,91258.65,7952,87937.57,7649,93586.04,8103,95330.83,7896,89376.84,7939,90838.44,8149,93963.62,7788,97914,8057,96326.54,8230,100675.82,8920,122646.51,6006,71644.79,6997,80900.58,7506,84120.16,8520,87241.28,8827,91762.09,0,0
DG,11781,122451.81,11577,126193.93,12570,134956.25,11733,123563.88,11778,127758.66,12505,131537.3,11716,123152.91,12213,131168.64,13459,159241.75,11092,118865.82,12398,132782.15,11656,124343.02,11729,125852.14,11855,129100.87,12044,132611.68,12100,132120.78,12251,136188.96,11984,136510.82,12303,129331.74,12448,133908.41,12409,133631.3,12776,140260.03,12291,133842.61,13204,142741.29,12748,146156.95,12846,146485.81,12350,146466.53,13162,145435.29,13154,146472.62,13150,142137.56,12923,141808.69,12993,134660.05,12763,132734.6,12290,128584.26,12305,128559.9,12605,130469.12,12366,128878.61,11983,131537.91,12502,144908.5,12125,141730.54,12190,142962.75,11803,138960.6,11966,141235.22,12197,149536.9,11912,152501.72,12805,167625.22,15933,228393.27,10467,128814.66,11612,126295.43,11500,132137.78,11520,134094.69,11645,129858.08,0,0
DH,5408,30935.88,5466,30738.19,5568,31790.03,4414,26595.58,5386,30853.95,5663,31457.1,5554,31949.41,5651,31437.91,5540,34031.45,4706,28895.92,4747,28588.37,5656,32876.58,5666,30869.14,5999,33326.18,5839,33531.69,5901,32897.25,5663,31548.38,4774,28120.16,5905,33370.42,5509,32211.51,5707,33556.96,5783,35210.13,5499,30406.56,5770,33361.93,5512,30459.14,4810,27855.66,4895,28877.76,5119,29819.68,5221,29354.82,4532,28787.43,4499,27861.75,5121,28200.76,5261,29526.35,5318,30291.66,5415,29995.28,5405,29994.26,5307,29808.52,5262,29282.75,4491,28659.54,5260,28903.14,5074,30686.49,5095,29856.22,5211,30446.96,5172,30169.86,5448,31348.28,5599,30011.52,5670,38445.16,3985,20531.42,4338,26036.78,4983,28507.29,5233,29053.36,5452,30226.7,0,0
DI,4314,37106.4,4473,35971.89,4586,38063.85,4407,36716.32,4644,36891.88,4822,38924.46,4836,37404.63,4752,38050.44,4750,40114.67,4468,36090.04,4976,39860.1,4844,39070.24,4844,38379.72,4908,39055.59,5202,42951.84,4963,40282.72,4982,41813.79,4791,40114.66,5190,41796.7,4554,37380.65,5300,41629.41,5297,43989.04,4981,40511.22,4918,40029.45,5187,40290.42,4900,37837.17,4833,39608.34,5198,40575.64,4949,37994.49,5073,38560.86,5002,39957.5,5388,39572.82,4894,37970.13,4891,35846.75,4894,37348.95,5029,37138.85,5232,36845.52,4724,36684.13,4798,40153.4,4415,34224.78,4574,37205.84,4530,35510.79,4705,33070.73,4667,35876.19,4581,37588.49,4848,37851.38,4692,39470.3,3514,24617.81,4081,28977.23,4451,31466.01,4281,32711.42,4498,33957.84,0,0
DJ,8720,106526.91,8801,107001.84,9246,110534.44,8624,105903.36,8992,105880.43,9120,110598.3,9071,108951.3,8819,105686.49,9156,120286.1,8132,97329.77,9010,109463.3,8888,107035.12,8947,105642.4,9221,110885.44,8991,112164.58,9275,113152.52,9102,111705.96,8622,110549.2,9105,112169.75,8772,108968.56,9265,114207.02,9881,125120.5,9250,112473.32,9267,114578.07,9557,119406.63,9592,120537.34,9379,122374.49,9458,122200.92,9648,121147.35,9409,119670.53,8882,114037.28,9473,115723.2,9105,111534.29,8781,106819.62,8789,106579.06,8911,104401.88,8807,104576.46,8947,107962.5,8582,113348.09,8921,107584.92,8825,104375.5,8795,102975.81,8779,104317.64,8571,104459.74,8551,106247.15,8823,112485.34,9996,141983.28,7506,84254.14,7863,90949.08,8262,97800.32,8499,97588.19,8739,101621.8,0,0
DK,10614,130518.54,10543,129482.84,11304,142054.95,10575,132496.07,10620,132740.09,11259,142026.19,10881,134100.21,10950,134845.38,11637,156981.68,10172,124312.48,10915,136384.55,10947,135489.58,11033,135081.45,11287,140604.41,11265,143721.84,11077,140618.84,11394,145841.64,10817,140836.7,11292,142561.54,11317,146842.24,11511,147277,11815,156365.71,11207,145223.53,11344,144664.54,11226,142812.53,11057,140793.69,10850,141123.57,10870,139976.62,11208,141667.61,11107,141665.58,10617,131844.44,10942,133829.78,10820,130707.64,11088,133953.61,10872,131498.32,11101,133723.2,10811,129886.5,10776,132904.1,10537,141517.39,10999,137233.07,10571,136059.73,10605,133238.03,10645,131028.38,10602,134226.64,10700,136802.72,11191,147791.1,12538,194726.74,8776,111027.8,10058,117107.65,10308,125145.44,10443,129198.34,10646,131992.63,0,0
DL,6165,37711.78,6478,38769.79,6662,40516.29,5742,37312.4,6420,38761.75,6496,39142.45,6625,39160.79,6603,39124.95,6434,40944.33,6090,41487.04,6156,37516.17,6559,39279.01,6306,38768.8,6597,39926.21,6526,41025.67,6519,41358.95,6372,41011.89,5861,38180.7,6813,40853.36,6023,39666.98,6709,41295.2,6933,43281.72,6434,40331.98,6444,39539,6926,39202.34,6292,37140.88,6066,37415.94,6447,36975.44,6374,37521.5,6247,35296.62,6460,36273.05,6852,36272.04,6644,36585.67,6785,35799.05,6923,36780.55,7080,36503.46,6806,34731.27,6269,33358.99,6097,35742.21,6303,35860.96,6499,36740.97,6492,35138.28,6323,36976.45,6568,36124.86,6521,36695.3,6515,36924.68,6253,38431.96,4440,25534.35,5667,30505.82,6181,35805.14,6228,36031.48,6381,36088.32,0,0
DM,3942,26291.07,4032,26933.69,3960,26175.25,3740,26815.67,4048,27157.21,3869,27503.42,3929,26967.12,4184,28253.69,4087,28732.83,4117,28420.65,4335,29342.87,4196,28730.08,4085,27652.52,4330,29740.68,4721,31065.41,4637,29707.01,4626,30471.46,4568,29325.32,4736,29244.94,4520,27991.36,4660,30363.46,4565,31696.26,4260,29210.94,4176,28840.37,4584,28195.68,4433,27762.28,4413,28484.96,4633,29045.24,4652,28166.25,4554,28130.72,4322,26690.44,4499,27556.23,4448,26724.95,4128,25411.54,4236,25639.91,4211,25344.55,4347,25260.3,4301,24871.56,4193,26807.16,4086,23644.42,3974,25709.95,4265,24024.03,4083,24015.91,4055,25405.45,3933,25594.24,4104,24128.58,4259,28243.39,3208,19780.32,3721,22568.52,3762,24307.22,4076,24013.88,3956,25580.03,0,0
DN,8703,77297.68,8229,73954.29,8460,90005.01,7664,72416.82,8758,77398.63,8694,80321.96,8860,82252.45,8636,78880.76,8731,86270.79,7030,66620.54,8166,79390.49,8834,78995.66,8991,83824.18,9021,82720.58,9029,86539.28,9053,83410.41,9020,82776.5,8059,79589,9236,83433.65,9115,82612.02,9345,85458.16,9404,93122.31,8783,81324.71,8803,82338.68,10318,89272.3,10074,88709.98,9701,88651.12,10206,90539.01,10137,86927.64,9639,87124.56,9345,86459.73,10106,88161.88,10414,90910.5,10300,86773.36,10704,87013.92,12181,88761.75,12035,88640.96,11664,84673.33,10667,87092.08,11748,76180.82,11785,80156.58,12150,79910.95,12395,80147.44,12109,78524.46,11705,76189.96,11242,80457.02,11056,97720.14,7581,60924.36,9405,70775.95,10670,73546.9,10684,74908.02,11326,79445.06,0,0
DO,4755,40845.3,4705,41450.6,5096,45697.06,4652,42126.15,4839,42584.83,4992,44950.75,4941,43867.65,4956,44453.64,5209,49145.93,4983,45814.4,5233,46453.3,4999,44381.08,5091,45190.62,5290,47582.31,5521,48913.39,5338,46615.58,5053,46544.29,5144,47984.44,5305,48100.24,5253,47742.79,5556,50180.92,5896,53717.13,5311,48092.41,5265,46549.18,5545,46620.98,5492,46081,5054,44978.71,5434,45024.38,5483,44894.46,5591,45908.45,5435,46146.98,5684,46427.12,5425,45369.48,5138,41214.07,5409,43158.81,5253,42087.99,5097,42814.73,5112,42322.45,4610,42797.48,5341,41988.52,5094,39525.12,4734,41118.66,4815,40933.94,4976,39442.9,4859,40220.39,4875,39625.6,5164,45766.35,3728,28928.51,4420,35405.23,4561,37078.96,4520,37379.4,4617,39675.34,0,0
DP,2999,22548.49,3263,24277.69,3043,22637.42,2596,19911.67,3007,22191.14,2974,21857.67,2974,22298.68,3109,22477.36,3139,24824.01,2855,22887.9,2882,22767.1,3120,22205.37,3129,22724.79,3338,24415.71,3407,26091.62,3344,24519.71,3322,24584.93,2992,23208.98,3271,24452.48,3195,23421.15,3453,25208.94,3624,26341.41,3439,25137.54,3372,24337.96,3603,23680.96,3124,21766.68,3066,23637.32,3276,23265.83,3289,24105.23,3353,22304.62,3252,23394.73,3537,23259.74,3526,23385.6,3178,21497.7,3312,22300.56,3331,22759.34,3331,22722.8,3075,21223.65,2785,21582.96,3140,22756.3,3090,22980.62,3019,22279.25,3177,22764.42,3009,22018.39,3227,21966.63,3060,21392.14,3033,22089.44,2057,14535.81,2599,18637.43,2788,20528.37,2887,21606.3,2958,22528.94,0,0
DQ,5082,27641.3,4930,25585.37,5231,27936.78,4919,26919.46,5058,26720.87,5091,28210.33,5003,26941.38,5162,28302.79,5398,30948.17,5238,30772.98,5317,27838.11,5238,26561.71,5270,27288.91,5331,27990.49,5503,30200.98,5288,28209.6,5270,29346.85,5218,29351.22,5358,29141.71,5140,26953.96,5395,28435.94,5635,32048.89,5413,29028.28,5392,29476.14,5692,28354.02,5923,31544.17,5456,31580.71,5479,29829.83,5464,28086.06,5372,29753.71,5187,28378.38,5398,28415.94,5096,27741.98,4732,23989.52,5085,26022.57,5145,27311.62,5255,27261.88,4904,25627.73,4945,27931.78,4930,27506.5,5023,26532.1,4813,26135.23,4837,24465.56,5034,26934.04,4688,28463.64,4805,27385.71,5188,31715.7,3932,18533.9,4456,22320.86,4662,25177.07,4645,25038.02,4849,26369.7,477,0
DR,3791,25815.33,3636,26307.83,3730,27035.71,3584,25735.96,3755,25662.74,3807,26266.23,3680,26253,3610,25147.42,3846,27687.07,3719,26377.29,3641,24093.9,3790,26303.94,3693,24839.32,3839,25993.65,3898,26678.54,3904,25422.83,3848,27552.6,3837,26658.19,3790,25567.59,3689,25406.15,3905,27163.28,3987,27868.69,3871,26220.3,3794,25716.53,3907,26482.36,3912,26303.72,3554,26547.32,3659,25559.73,3766,26475.26,3713,26064.18,3705,25227.82,3964,26156.55,3832,25518.12,3824,25204.48,3872,26098.69,3759,24586.34,3845,25838.85,3536,24707.13,3714,28200.76,3727,27387.74,3739,27356.28,3591,26307.78,3645,26043.88,3763,26316.92,3742,26634.62,3817,26661,3782,30495.67,2823,20347.7,3427,25102.98,3630,25772.88,3589,26480.34,3668,26763.52,0,0
DS,6404,44557.89,6357,45679.92,6293,45237.19,5827,43753.15,6184,44773.09,6466,46412.62,6432,45996.87,6453,44508.65,6572,47702.1,6554,49853.28,6419,47204.97,6531,46744.16,6457,43918.21,6818,47474.05,6960,50397.1,6505,46768.31,6760,49550.46,6442,48625.65,7244,51350.7,6477,45817.45,6908,48370.33,6783,49485.69,6286,43813.64,6426,45516.37,6933,47611.62,6588,46697.1,6167,45121.82,6494,45275.09,6787,45594.81,6495,44951.3,6539,45673.98,6908,44132.2,6825,44411.32,6091,39635.75,6459,41366.32,6508,41123.74,6498,42533.58,6157,39853.98,5819,42699.02,6389,43817.55,6029,43607.44,6030,41382.56,6088,42547.78,6057,42662.48,5899,42184.41,6077,41504.36,6125,47923.22,4476,31554.32,5347,37826,5797,39521.05,5971,41337.9,5974,41770.3,0,0
DT,6705,44465.68,6769,45072.53,6995,44960.95,6526,43251.93,7043,46579.62,7053,46515.56,7040,45834.09,7106,44385.71,7214,49344.87,6778,45571.97,7082,45960.78,7186,45001.28,7332,47106.09,8133,47267.56,7792,51835.01,7517,48861.67,7371,48293.66,7350,47486.38,7387,48694.6,7520,50042.78,7905,51927.2,7458,53825.2,7487,50067.63,7408,50537.57,7682,39095.77,7705,40712.66,7720,39817.44,7763,39290.65,6191,46740.75,7532,47673.54,7512,46200.77,8259,48426.66,7961,46371.29,7580,44674.21,8039,45676.01,7895,45314.68,7875,45319.75,7661,42175.28,7773,45926.72,7828,45881.04,8049,46185.54,8033,45610.04,7899,45618.16,7654,46570.23,7529,47287.83,7591,48492.64,7666,58487.34,5292,34955.58,6818,39945.32,7322,43017.73,7788,43845.97,7884,44839.66,0,0
DU,5505,53699.49,5767,53378.77,5722,54940.97,5339,53343.25,5520,53223.22,5708,56831.43,5642,54589.18,5748,55055.1,5850,59294.38,5384,48530.59,5832,53915.59,5769,53387.87,5654,52226.53,5671,53995.32,6142,57657.32,5958,54533.77,5784,54740.15,5508,53273.34,5949,54787.26,5961,55806.23,5887,55999.76,5985,59350.87,5810,56280.64,5797,54187.07,5901,55545.87,5798,54839.44,5547,55235.28,5593,53362.61,5788,54096.45,5432,51888.83,5288,51332.61,5667,53051,5415,51872.59,5231,50547,5400,50979.39,5417,51124.54,5469,51771.09,5432,53654.93,5254,55282.99,5299,48539.33,5321,48424.63,5403,47482.72,5360,47414.71,5213,49949.16,5272,50045.59,5423,52048.18,6299,67682.23,4682,42704.09,4993,46434.22,5294,48242.95,5272,52861.2,5337,50673.87,0,0
DW,5475,25524.27,5678,27804.43,5831,28907.04,5273,26140.99,5446,25977.77,6099,28782.13,5727,26865.09,6122,28254.75,5090,22862.24,4970,24920.07,5168,24867.98,5722,26853.99,5981,27548.33,6065,28135.1,6160,26060.92,6076,27731.18,5842,26868.54,5498,27313.64,6060,29021.67,5723,27225.94,5628,25994.96,5744,28374.22,5805,30178.78,6061,30493.03,6251,20710.06,6200,21565.7,6178,21091.7,6135,20813.59,6143,21417.52,6079,21844.83,6076,21170.87,6107,22190.94,6115,21249.02,6106,20471.53,6102,20931.33,6154,20764.87,6125,20766.9,5990,19326.61,5983,21045.01,6057,21023.7,6109,21163.76,6144,20899.86,6374,20903.92,6500,21340.37,6601,26521.95,7230,27197.94,5662,32802.77,3249,19605.74,5053,22405.11,6844,24127.56,7350,24591.42,7903,25149.67,0,0
DX,8030,45872.4,8227,47772.84,8250,47541.99,7973,45869.64,8669,50191.96,9248,52579.06,8796,50597.7,9100,52315.89,7753,45348.07,6926,43530.97,7962,48396.79,8905,54438.44,9338,55735.67,9299,54655.24,8758,51292.58,9411,54713.2,9254,51704.22,8126,48687.22,9515,55924.06,9190,54547.83,9648,59114.23,10142,63664.91,9255,56997.48,9772,56764.32,11770,48415.5,11718,50418.09,11697,49309.72,11653,48658.08,11661,50073,11597,51070.74,11594,49493.43,11626,51878.68,11634,49676.13,11625,47859.28,11621,48932.13,11672,48544.4,11643,48550.5,11508,45181.71,11502,49201.11,11575,49152.39,11628,49478.2,11662,48861.08,11699,48869.2,11654,49891.31,11678,50657.63,8025,51948.72,15071,62654.93,5076,37447.41,10269,48498.73,13195,52228.86,14277,53233.7,15673,54441.55,0,0
DZ,0,169325.34,0,168013.96,0,149569.38,0,164573.12,0,175592.97,0,176619.13,0,186178.4,0,168483.91,0,182139.72,0,191269.64,0,178995.25,0,190331.78,0,199449.53,0,189655.8,0,190454.6,0,194467.91,0,195300.21,0,197102.85,0,207627.38,0,217252.63,0,215698.66,0,224858.02,0,216982.64,0,212600.88,0,210990.08,0,223131.51,0,213790.46,0,241000.58,0,229828.48,0,227687.84,0,209837.04,0,229882.27,0,228597.28,0,217378.49,0,223308.12,0,221606.98,0,196769.93,0,201754.59,0,216907.53,0,228575.97,0,234619.28,0,234619.28,0,234619.28,0,236428.01,0,222570.21,0,222570.21,0,222570.21,0,224378.94,0,190518.54,0,190518.54,0,190518.54,0,192327.28,0,0
E,6516,56065.57,6952,58013.92,6892,58576.89,6285,52646.73,6922,57460.88,6914,58767.04,6917,56975.89,7095,57992.06,7249,62169.6,6574,57184.82,7182,59887.97,7047,58744.67,7260,59956.4,7295,61140.1,7529,65096.16,7421,63602.45,7283,63453.56,6971,60800.79,7566,64339.09,6992,61126.05,7536,64496.58,7799,68477.86,7380,64800.56,7347,62555.86,7025,58568.54,6768,57998.12,6565,58465.01,7192,58790.83,7293,59269.91,7070,55847.33,6780,57268.33,7242,57377.95,7501,60440.2,7029,54534.94,7369,58506.63,7504,57631.7,7645,58354.38,6981,56721.24,6864,58767.48,6816,53545.31,6725,53971.61,6925,53971.61,6882,53971.61,6880,53971.61,6604,52920.07,6914,55693.05,7202,64111.46,5220,38403.54,5800,45805.94,6436,48739.28,6566,49729.92,6635,50685.04,850,0
EA,0,98623.49,0,97966.78,0,85078.31,0,87876.67,0,77514.53,0,102748.45,0,99460.86,0,95752.06,0,92654.28,0,89243.87,0,81524.8,0,113386.66,0,96211.85,0,83728.36,0,80132.22,0,80922.9,0,91175.42,0,79503.94,0,81614.12,0,89613.34,0,85250.86,0,87527.51,0,87676.72,0,88741.45,0,84741.34,0,85616.26,0,95583.56,0,116570.72,0,116421.51,0,126642.56,0,145240.41,0,119347.76,0,111502.82,0,105945.7,0,97970.84,0,117932.85,0,131936.8,0,120650,0,133007.63,0,135765.38,0,140289.24,0,140289.24,0,140289.24,0,141321.5,0,133093.9,0,133093.9,0,133093.9,0,134126.16,0,113949.99,0,113949.99,0,113949.99,0,114982.24,0,0
EB,0,103127.04,0,109660.6,0,95173.5,0,100376.39,0,110944.57,0,102878.37,0,105905.1,0,108159.42,0,110740.56,0,108384.74,0,94171.7,0,107330.16,0,111718,0,103400.08,0,105145.88,0,107010.43,0,114579.29,0,107026.67,0,113230.36,0,116797.06,0,114511.28,0,116051.04,0,114892.92,0,112096.6,0,109294.18,0,103956.3,0,108716.65,0,109318.54,0,110156.93,0,114461.55,0,104843.41,0,111569.81,0,114422.98,0,114823.9,0,116744.28,0,107332.19,0,115226.86,0,119765.94,0,119657.34,0,115856.16,0,120365.8,0,120365.8,0,120365.8,0,121245.81,0,114213.89,0,114213.89,0,114213.89,0,115093.89,0,97822.65,0,97822.65,0,97822.65,0,98702.66,0,0
EC,0,131801.81,0,130610.2,0,122192.8,0,130362.54,0,138868.24,0,139754.34,0,142737.42,0,143341.34,0,145150.07,0,140970.3,0,129579.98,0,141034.25,0,142248.19,0,131335.92,0,126350.24,0,132582.34,0,138105.97,0,129403.36,0,130940.07,0,142439.01,0,154277.97,0,186423.02,0,182059.53,0,176133.96,0,175534.1,0,167488.19,0,178719.17,0,192031.91,0,212577.54,0,224107.94,0,217140.98,0,205183.26,0,187618.69,0,201299.87,0,199351.08,0,193822.37,0,204196.68,0,208978.35,0,238719.88,0,249034.31,0,267716.4,0,267716.4,0,267716.4,0,269282.54,0,254001.72,0,254001.72,0,254001.72,0,255567.86,0,217487.09,0,217487.09,0,217487.09,0,219053.24,0,0
ED,0,92023.96,0,77476.98,0,80672.2,0,76551.3,0,91988.44,0,87562.02,0,95310.53,0,98446.88,0,91969.15,0,91294.17,0,80736.14,0,95126.81,0,98462.1,0,99424.32,0,105190.54,0,124021.84,0,122730.75,0,115495.84,0,124701.88,0,145721.52,0,142701.89,0,140711.48,0,141109.36,0,115510.04,0,127312.46,0,141198.68,0,127175.44,0,133259.35,0,151778.02,0,143071.35,0,146722.31,0,148171.73,0,170824.5,0,156692.66,0,163052.64,0,151246.16,0,105054.53,0,105828.98,0,100325.64,0,92406.62,0,110685.75,0,110685.75,0,110685.75,0,111301.86,0,105205.76,0,105205.76,0,105205.76,0,105821.87,0,90441.58,0,90441.58,0,90441.58,0,91057.68,0,0
F,4250,37109.13,4282,38180.73,4425,38916.97,4127,38177.34,4142,38236.62,4493,41212.12,4448,39054.47,4466,38323.94,4730,43654.49,4634,40825.55,4967,42566.85,4634,39843.51,4544,39752.36,4844,40870.97,5463,45250.43,5039,42118.11,5035,43567.11,4793,43240.58,4986,40677.39,4853,41632.29,5128,43759.11,6202,49528.29,4603,40757.69,4800,41763.97,4945,40964.38,4960,40900.44,4664,42112.35,5179,42024.04,5261,42737.59,5504,42066.68,5053,40939.01,5799,42054.5,5142,40052.91,4622,36575.52,4751,37032.27,4753,37718.41,4713,38743.56,4482,37771.2,4328,39444.93,4334,35455.98,4398,34947.46,4193,35787.88,4370,34607.44,4210,35163.66,4254,35137.27,3768,35450.9,4431,40926.83,3373,25261.32,3980,30607.32,4039,32111.55,4053,33366.09,4247,35332.15,1208,0
G,5491,44757.09,5951,44737.88,5918,46904.07,5684,45770.88,5978,46622.81,5660,46196.61,6069,47988.66,6099,47460.81,6208,51674.23,6160,51961.71,6233,50225.35,6127,47400.42,6269,48047.75,6354,51072.3,6469,53132.59,6298,50904.6,6456,51739.8,6164,50291.8,6466,51322.04,6168,49884.52,6465,52675.44,6544,52026.24,6024,49348.54,6172,49354.72,6479,49955.26,6076,48506.85,5992,47844.05,6599,51688.87,6604,51360.01,6353,49893.34,6342,49634.51,6707,49475.16,6523,49632.48,6206,47489.82,6447,48069.38,6493,47747.63,6602,45729.81,5850,44370.72,6107,50854.54,5833,44781.8,5931,43209.56,5968,44711.76,5954,44091.6,5473,44895.48,5869,46063.74,5839,45041.64,5725,54246.68,4269,33499.06,5305,39392.15,5461,43957.62,5461,43041.08,5843,44389,698,0
H,7010,53129.01,6924,52843.55,6977,54851.67,6516,52219.44,6770,52779.88,7165,54300.54,6699,51692.15,6844,52339.63,6588,54929.22,6615,52351.18,6723,52301.96,6793,51792.74,7046,53273.48,7101,54461.3,7073,56408.1,7050,54182.54,7238,55836.55,6893,53698.3,7246,57348.05,6773,51764.48,7069,53452.47,7257,59317.58,7028,54315.1,7021,52696.23,7478,52809.44,7266,51346.82,6955,52600.34,7264,51571.13,7233,49903.49,7030,50605.87,6695,49140.21,7077,51069.72,7120,50830.18,6820,49235.62,7316,52822.63,7137,52630.8,7061,50727.67,6715,48892.55,6904,53730.04,6861,50693.16,7050,50119.68,6815,49862.89,6957,50204.94,7024,52173.03,6840,50311.52,6964,51746.73,7253,58452.83,5039,34616.57,6045,43519.14,6280,47508.09,6755,49338.13,6757,50352.12,1432,0
I,5191,33458.88,5206,34851.26,5196,34457.17,4987,34411.21,5153,34534.08,5164,33230.67,5075,32544.91,4992,32194.83,5344,35909.71,5235,34591.13,5091,33395.26,5140,33179.69,5253,33704.57,5525,34011.6,5352,34987.25,5326,32845.85,5384,35077.19,5091,33286.24,5475,34231.75,5144,32972.03,5469,33725.23,5713,36649.92,5310,31628.97,5148,32463.6,5822,34825.66,5776,35102.76,5533,34977.91,5824,35317.94,5787,35085.5,5723,36057.88,5628,33772.09,5877,33545.75,5661,35215.42,5410,31987.72,5707,33332.6,5697,33205.72,5527,33269.67,5267,30162.75,5313,33825.89,5363,36624.24,5371,37120.58,5131,36430.38,5253,35996.98,5107,37234.26,4985,37041.41,5176,35621.42,5129,41202.91,3935,26971.59,4518,32215.08,4924,32977.35,4863,34609.47,5017,35615.34,124,0
J,9284,70701.46,9422,72081.15,9468,71744.01,8401,65854.45,9296,70867.17,9441,71848.83,9221,68326.33,9450,70913.03,9325,72155.95,8868,68865.35,9156,70271.06,9604,70723.85,9601,70842.35,9910,72850.69,10081,75117.05,9991,74876.3,10018,76705.19,9131,72472.51,10072,74701.74,10127,73637.25,10087,75616.9,10471,78942.39,9932,74761.78,10187,76493.61,9905,66892.56,9290,65452.27,8705,66295.74,9215,64064.77,8965,63710.54,8857,63962.26,8468,60943.64,9659,65390.36,9655,65354.83,9366,63576.55,9837,67022.48,9499,65024.96,9615,65335.55,9112,64648.4,8577,66199.31,9104,64483.96,9129,65662.38,9062,63943.98,9201,63264.95,9140,66182.06,8509,64343.9,9046,63128.94,9092,68073,6286,44881.27,7815,56305.09,8821,62461.07,9076,61906.88,8896,64369.27,644,0
K,7021,53463.86,7069,54315.72,7301,56086.96,6893,52692.7,7254,54340.56,7341,55476.92,7161,54167.02,7272,54062.03,7188,57290.95,7160,55906.35,7292,54187.49,7306,53536.73,7496,55143.81,7584,55529.1,7701,56427.42,7284,53752.26,7277,54498.04,6946,53510.14,7520,53967.46,7465,53972.43,7597,55750.45,7808,57417.27,7272,52987.68,6911,52039.77,7806,56154.87,7562,54810,7314,54961.23,7700,56120.36,7915,56030.03,7558,52430.84,7455,53728.01,7949,54202.01,7828,55406.82,7337,52085.74,7717,54100.51,7642,54278.14,7794,55395.65,7550,54206.08,7005,56957.74,7582,55162.2,7561,56465.46,7333,55395.65,7483,55691.02,7365,56097.02,7177,56289.87,7385,57247.01,7373,65221.87,5399,40999.91,6500,48256.14,6941,51968,6874,53194.12,7112,54024.39,373,0
L,6830,43665.36,6893,44152.94,6864,45675.37,6134,39601.36,6758,44707.23,6945,45800.05,6766,43754.59,6819,43374,6828,47729.98,6565,44225.53,6872,43714.35,7154,45514.1,6930,44868.38,7038,44187.55,7299,46716.27,6821,44107.86,6861,45657.52,6570,44945.25,7326,46217.55,7107,46978.28,7215,46869.08,7707,53710.5,7070,47656.57,7101,46595.94,7087,42606.66,6741,41780.44,6374,41161.3,6742,41365.31,6661,42230.09,6657,42366.1,6601,42282.87,7188,43096.9,6945,42445.27,6749,41867.73,7127,45037.58,6946,42625.94,7039,44948.26,6516,40543.16,6211,43083.7,6578,43913.98,6755,44467.15,6509,43789.13,6513,42928.41,6724,44528.05,6695,43921.08,6934,43870.33,7296,49068.14,5080,29949.6,5607,35521.95,6396,40508.65,6681,42491.96,6653,42975.1,303,0
M,8819,97102.34,8623,98579.29,9148,99613.34,8844,94254.43,8872,95666.75,8904,99747.18,8701,93549.05,8883,98369.36,8728,106285.74,7636,85503.1,8821,97780.82,9506,96131.57,9542,95907.95,9120,100365.34,9145,104602.97,9139,100192,9053,99698.42,8678,97576.72,9434,104171.12,9475,101543.76,9508,104698.95,9075,103461.52,8676,91772.65,8558,91295.27,9203,99840.48,9106,97167.98,8252,92685.74,8267,89968.58,8791,95666.79,8989,96892.92,8381,94398.04,9193,96391.5,8891,92461.42,8722,93990.01,9126,97400.42,9059,94444.73,9144,95600.82,8759,91596.64,8443,99370.53,8626,94556.38,8446,94750.25,8580,93633.75,9068,94162.56,8482,95499.32,8704,97278.62,8843,102471.36,9127,117917.62,6289,71772.68,7693,82970.16,8247,88936.33,8268,89144.4,8668,92101.1,182,0
N,2934,24383.45,3093,24346.3,3219,25288.24,3149,24463.15,3235,24417.6,3132,25051.65,3103,23342.65,3146,23361.35,3270,25526.72,3126,25164.67,3354,25455.16,3098,22791.8,3184,23109.07,3385,25155.78,3666,28154.91,3474,26669.68,3318,26077.73,3256,26478.75,3682,28153.14,3059,25135.19,3355,25654.04,3540,28404.15,3045,23627.13,3178,24584.41,3404,25561.76,3361,25693.71,3136,24364.06,3477,25555.67,3432,25414.58,3448,24880.69,3401,25477.51,3677,25203.46,3460,24679.72,3217,22705.55,3513,24716.26,3659,25938.32,3597,25775.92,3051,21993.02,3128,25743.44,3009,22461.95,3075,22354.36,3044,22563.45,3090,23738.82,2994,23272.94,2974,22770.51,3007,22511.68,3246,26433.64,2433,17509.76,2794,19151.02,2884,19781.34,2911,21212.48,3042,22249.82,737,0
O,7194,77915.3,7107,76958.86,7455,80946.3,6762,72659.49,7067,75896.09,7692,82261.92,7387,79927.76,7398,79654.53,7691,88163.35,6393,70945.19,7208,79114.31,7441,80440.39,7473,81297.22,7468,81251.47,7554,85587.39,7250,80433.52,7524,84899.14,7151,77580.38,7950,85784.01,7394,79388.96,7945,88312.52,7961,91430.25,7706,84475.63,7643,83040.48,7912,85466.04,7813,84074.48,7140,82377.4,7571,81822.19,7652,83054.4,7340,78852.3,7411,80442.81,7711,78848.24,7685,79670.39,7375,77601.82,7677,81099.52,7777,79320.22,7497,78090.04,7253,79107.07,7289,84984.94,7111,82520.51,7051,81302.52,7184,82143.95,7108,80250.97,7153,82983.36,6954,83828.85,7240,86501.34,7882,104309.52,5722,65614.67,6368,71657.98,6724,74595.39,7066,80082.48,7179,78432.09,266,0
P,5903,45798.95,5596,42697.1,5968,46966.26,5378,41753.03,5700,44188.04,5925,47138.05,5867,44095.4,5801,44639.05,6326,50920.05,6193,47683.63,6049,46127.27,5918,45559.77,6106,46031.71,6377,47386.83,6294,49522.28,6237,47404.81,6273,50704.7,6037,49767.49,6152,48243.17,5858,46023.84,6409,51001.68,6995,54760.8,6806,53459.37,6171,48083.22,7803,49679.18,7369,48344.45,6790,46705.22,7277,47105.13,7154,46321.55,7227,50171.45,6650,48446.96,8251,51670.6,10992,70162.89,10062,64006.91,10340,65930.34,10607,66053.16,10012,66006.46,9177,62062.18,7924,56406.59,6608,41356.17,6807,42614.77,6621,42890.86,6622,42037.24,6754,43985.02,6248,44446.85,6414,44963.48,6450,52593.24,5044,34169.98,6047,37152.04,5951,38819.69,6161,40517.78,6360,42727.44,195,0
Q,3946,26956.36,4187,27467.17,4404,29463.12,4350,31844.2,4716,30371.7,4698,34176.48,4841,34148.17,4826,33091.6,5397,39759.58,5476,38792.93,5429,39088.6,5003,35785,5163,35106.69,5327,37943.93,5569,39778.7,5247,37613.82,5076,36106.12,5467,37700,5262,35670.95,5160,34765.09,5158,37241.04,6334,41563.16,4949,33432.05,5249,34191.1,5692,34725.18,6062,37982.31,5574,36580.6,6394,41065.88,6301,41643.42,6624,41241.48,5950,39600.22,6265,35140.31,5543,34660.22,5155,29274.63,5453,31255.91,5470,29978.02,5240,29802.43,4269,25968.78,5048,33349.85,4319,27564.35,4433,28927.5,4176,26967.53,4502,27546.08,4302,27016.25,4273,27637.44,4345,27174.59,4366,32264.82,3513,22556.34,3917,24646.23,3837,41003.97,4044,43573.95,4051,27745.02,913,0
R,3795,24620.69,3626,24238.74,3786,26087.53,3431,23616.83,3541,22875.71,3824,26610.62,3748,25298.23,3612,25172.76,3960,28915.56,4074,27747.49,3887,25542.08,3771,24173.11,3759,24695.67,3905,27040.93,3905,26372.02,3676,24056.09,3861,26989.72,3828,25753.07,3969,25522.33,3895,24299.01,3815,25542.74,4195,27887,3962,25628.04,3847,25647.31,4190,26098.69,4260,26129.14,3988,26036.78,4408,27359.32,4260,26799.04,4280,27173.58,4174,25632.81,4313,25650.06,4301,26996.97,3872,24242.26,3983,24392.48,4042,24256.47,3944,23859.6,4145,25157.79,4153,27341.05,3892,25322.22,3927,26443.8,3806,26227.6,3810,26298.65,3616,26909.68,3664,26561.53,3911,28964.04,4205,33981.18,3280,18640.47,3242,22308.68,3529,24276.77,3818,24744.68,3726,26471.2,341,0
S,7248,45311.88,8367,46414.52,8393,51265.62,8311,50479.99,9179,55328.13,9455,58517.58,9173,55033.63,9150,55865.49,10214,64007.84,9075,58363.43,9517,57096.43,9020,55610.32,9260,56634.61,9478,57367.48,9654,60867.78,9515,59251.39,8758,54726.09,8986,53307.76,8817,51652.8,7454,48463.53,8863,50420.06,9910,56901.32,8566,49407.19,8602,51278.71,9335,53048.97,8982,54056.87,9117,53949.28,9681,55498.17,9837,56133.56,9924,55564.14,9401,52023.82,10042,53319.98,9302,50409.98,8817,44857.92,9034,46581.4,9471,46888.94,9879,46627.07,7662,42944.65,8573,48621.54,7462,42628.98,7998,45511.58,8076,44053.03,8270,44623.46,8122,45158.36,8284,46291.1,8335,46462.64,8717,56137.62,7203,34166.93,7636,38713.12,7704,41365.31,7721,44626.5,7966,45425.31,396,0
T,8342,60580.86,8405,62541.05,8565,63462.99,7602,58882.83,8383,62048.59,8454,62365.7,8435,63120.11,8319,60087.43,8338,63740.73,7572,58420.84,8097,60578.26,8115,58760.99,8586,61792.92,8871,62675.39,8533,63938.75,8599,62841.14,8659,64726.3,8058,60982.05,9128,66517.27,8673,63048.95,8952,64940.38,9256,68252.02,8845,66096.49,8564,63636.28,8587,60021.01,8097,59042.55,7776,58469.08,8025,56632.94,8189,56802.44,8073,56079.76,7482,53509.78,8489,55083.04,8635,58255.92,8277,54714.59,8712,57893.57,8398,58202.13,8393,57699.7,7851,55112.47,7709,58063.08,8191,55061.72,8211,56917.14,7793,54328.89,8007,56734.44,8107,59087.21,8180,59295.28,6929,59261.79,8139,64774.26,5538,43695.75,6832,51614.78,7675,56562.9,7870,57643.88,7979,58662.94,182,0
U,10969,107816.26,10447,106963.02,11233,115141.78,9960,102761.38,10675,106169.1,10977,109522.4,10897,107807.35,10700,104537.05,11089,120658.25,8991,90279.66,10313,101889.34,10464,103520.5,10705,103735.07,10845,104253.71,10158,104233.11,10646,108265.6,10503,110298.51,9501,100558.33,10424,104653.34,10528,106368.48,10372,105574.92,8900,93356.91,9192,94264.57,10415,104244.62,11661,116239.83,11132,114579.29,10640,113675.94,10931,109276.93,10719,107627.56,10189,104286.17,10413,106660.26,11296,103713.72,10879,109733.68,10322,102424.66,9736,96077.87,10851,108254.82,11252,113118.7,10858,108966.34,10649,116712.82,11095,117741.01,10616,117888.19,10920,117650.68,10982,121565.53,11136,122113.64,10978,128443.17,11712,138882.45,13675,198748.16,8881,92867.42,9868,102769.76,10759,109956.98,10849,112722.86,10868,114230.13,264,0
V,7425,50493.84,7201,50412.6,7264,50742.51,6874,47346.59,7059,48492.45,7363,51419.32,7145,50108.74,7276,48388.76,7638,55525.97,7361,54607.61,7238,52810.34,7407,52203.68,7607,51531.43,7720,52758.16,7791,55823.91,7540,54240.52,7566,54816.65,7012,52748.6,7654,55776.42,7490,52675.81,7887,55723.11,8226,60607.04,7534,53350.35,7761,55508.12,8027,54734.89,6452,44451.92,5962,44569.66,6980,49877.1,7766,55256.6,7449,52016.72,7569,52239,8040,51624.93,7823,51631.02,7776,48602.26,7722,49455.87,7674,49372.64,7963,50528.73,7600,49360.46,7123,50167.39,7423,49812.14,7428,51185.44,7216,50336.9,7508,50842.36,6770,49626.4,6913,50692.14,6862,51104.23,7524,60109.31,5415,34547.56,6221,42349.86,6682,49182.84,6878,49226.48,6989,49251.86,311,0
W,6559,50908.92,6973,50934.52,7053,52654.89,6830,52261.83,7096,52819.22,7321,54540.4,7181,52663.71,7348,54254.56,7227,55027.42,6794,53421.56,7209,53433.33,7171,51514.72,7221,52863.56,7357,53760.54,7544,56395.14,7450,54869.26,7524,56796.12,7135,53448.07,7650,57299.75,7023,55307.13,7523,55459.83,7799,58473.92,7141,52892.98,7470,54465.64,7221,48747.4,7069,48208.44,6752,49449.78,7087,50320.65,7111,49166.6,7060,48146.52,7103,48281.52,7403,48701.73,7296,49543.16,7113,46131.75,7331,47840,7362,47793.3,7328,46449.44,6827,45894.24,6842,49153.4,6560,50840.33,6757,50840.33,6872,50840.33,7076,42348.84,7130,41915.44,7172,44022.58,7182,44539.22,7353,51232.12,5474,31756.3,6300,36326.85,6764,38792.28,6953,40903.48,7185,42124.53,141,0
X,12914,166053.65,13132,172208.44,13644,183325.46,12646,167254.49,13360,178743.69,13789,182490.31,13156,172262.94,13502,178715.7,14263,203230.71,11724,151682.46,12983,174432.26,13391,176242.96,13523,177213.45,13599,179886.63,13771,183780.05,13298,174362.1,13479,182900.46,12659,178975.37,13553,177293.08,13748,179531.6,13502,183526.66,14131,195809.71,13381,182551.39,13182,178795.04,12666,188044.99,12432,187868.38,12042,187721.2,12212,181019.16,12394,186290.06,12293,183110.06,11813,180198.02,12470,179538.28,12107,177862.51,11935,174240.99,13603,176472.97,13855,175471.17,13836,172772.28,13679,175946.19,13045,182725.37,13367,175559.47,13422,174554.62,13587,176599.85,13674,171578.64,13686,178204.56,13468,190265.81,13591,197392.12,15224,256010.4,10385,144615.17,11926,160127.41,12765,181382.53,13490,177087.05,13705,174949.46,196,0
Y,8530,81107.14,8391,81502.33,8926,85558,7875,79775.36,8586,82680.35,8501,81987.85,8718,83680.03,8781,81444.52,9120,87907.33,7459,70449.35,8280,78560.69,8449,79304.12,8651,81012.88,8782,81456.24,8562,83557.9,8675,82696.31,8620,83412.47,8376,79943.62,9057,83554.95,8791,82296.47,9135,86597.44,9127,91224.81,8902,85237.83,8812,84399,9186,85029.59,8651,81831.33,8118,77320.67,8672,77749,8599,78853.32,8187,76492.43,8271,76449.8,8693,77346.04,8662,79473.48,8519,77109.55,8866,80335.22,8634,77654.6,8645,78597.54,8373,75309.95,8371,80544.31,8353,84845.88,8515,87735.58,8393,86514.54,8546,90297.44,8479,85674.12,8585,84711.9,8582,87187.48,9161,105242.3,6777,62669.14,7447,73030.26,8059,78818.81,8310,82192.67,8069,84135.38,425,0
Z,407,79808.99,407,71138.54,234,67249.66,0,45180.14,26,50.17,0,0,0,0,0,0,0,0,0,0,0,0,0,0,0,0,0,0,0,0,0,0,0,0,0,0,0,0,0,0,0,0,0,0,0,0,0,0,10057,96336.7,9390,93318.08,9091,91673.78,9654,94898.44,9633,93642.88,9438,93436.84,9099,87460.52,9408,84426.68,10330,91752.95,9961,86564.28,10193,87932.5,10048,87719.34,10303,88780.02,9803,86563.26,8923,90603.98,10149,97446.09,10064,95990.58,9694,97240.04,9792,95532.81,10111,98098.73,10128,104176.56,10406,115893.71,11409,144751.18,7567,73118.57,7949,86593.71,9211,89464.13,9405,93310.98,9061,94691.38,317,0